Date,Time_L,Temp_L,Wind_L,Precip_L,Visibility_L,Time1
2021-09-01,00:00,11,9,0,10,0
2021-09-01,03:00,10,8,0,10,300
2021-09-01,06:00,12,15,0,10,600
2021-09-01,09:00,15,17,0,10,900
2021-09-01,12:00,22,19,0,10,1200
2021-09-01,15:00,23,19,0,10,1500
2021-09-01,18:00,19,16,0,10,1800
2021-09-01,21:00,17,14,0,10,2100
2021-09-02,00:00,11,12,0,10,0
2021-09-02,03:00,11,13,0,10,300
2021-09-02,06:00,11,10,0,10,600
2021-09-02,09:00,15,12,0,10,900
2021-09-02,12:00,23,14,0,10,1200
2021-09-02,15:00,25,14,0,10,1500
2021-09-02,18:00,21,12,0,10,1800
2021-09-02,21:00,18,10,0,10,2100
2021-09-03,00:00,11,7,0,10,0
2021-09-03,03:00,10,6,0,10,300
2021-09-03,06:00,10,6,0,10,600
2021-09-03,09:00,15,6,0,10,900
2021-09-03,12:00,20,11,0,10,1200
2021-09-03,15:00,25,14,0,10,1500
2021-09-03,18:00,23,12,0,10,1800
2021-09-03,21:00,19,9,0,10,2100
2021-09-04,00:00,10,8,0,10,0
2021-09-04,03:00,10,9,0,10,300
2021-09-04,06:00,9,7,0,10,600
2021-09-04,09:00,14,8,0,10,900
2021-09-04,12:00,19,10,0,10,1200
2021-09-04,15:00,24,13,0,10,1500
2021-09-04,18:00,20,11,0,10,1800
2021-09-04,21:00,17,10,0,10,2100
2021-09-05,00:00,12,7,0,10,0
2021-09-05,03:00,11,6,0,10,300
2021-09-05,06:00,11,6,0,10,600
2021-09-05,09:00,16,6,0,10,900
2021-09-05,12:00,21,12,0,10,1200
2021-09-05,15:00,23,13,0,10,1500
2021-09-05,18:00,21,7,0,10,1800
2021-09-05,21:00,17,7,0,10,2100
2021-09-06,00:00,17,4,0,10,0
2021-09-06,03:00,16,4,0,10,300
2021-09-06,06:00,16,4,0,10,600
2021-09-06,09:00,20,4,0,10,900
2021-09-06,12:00,24,5,0,10,1200
2021-09-06,15:00,26,7,0,10,1500
2021-09-06,18:00,22,9,0,10,1800
2021-09-06,21:00,19,5,0,10,2100
2021-09-07,00:00,18,3,0,10,0
2021-09-07,03:00,17,4,0,10,300
2021-09-07,06:00,17,4,0,10,600
2021-09-07,09:00,22,5,0,10,900
2021-09-07,12:00,29,10,0,10,1200
2021-09-07,15:00,30,10,0,10,1500
2021-09-07,18:00,28,8,0,10,1800
2021-09-07,21:00,24,6,0,10,2100
2021-09-08,00:00,20,5,0,10,0
2021-09-08,03:00,19,5,0,10,300
2021-09-08,06:00,18,7,0,10,600
2021-09-08,09:00,23,9,0,10,900
2021-09-08,12:00,30,16,0,10,1200
2021-09-08,15:00,28,15,0,10,1500
2021-09-08,18:00,25,7,0,10,1800
2021-09-08,21:00,22,12,0,10,2100
2021-09-09,00:00,20,4,0,10,0
2021-09-09,03:00,19,3,0.1,10,300
2021-09-09,06:00,18,3,0,10,600
2021-09-09,09:00,19,6,0,10,900
2021-09-09,12:00,23,8,0,10,1200
2021-09-09,15:00,22,9,0.1,10,1500
2021-09-09,18:00,20,9,0,10,1800
2021-09-09,21:00,17,6,0.1,10,2100
2021-09-10,00:00,16,1,0,10,0
2021-09-10,03:00,15,2,0,2,300
2021-09-10,06:00,15,4,0.2,2,600
2021-09-10,09:00,16,8,0.3,2,900
2021-09-10,12:00,18,13,0.1,10,1200
2021-09-10,15:00,19,15,0.1,10,1500
2021-09-10,18:00,16,9,0.1,10,1800
2021-09-10,21:00,16,8,0,10,2100
2021-09-11,00:00,15,8,0,10,0
2021-09-11,03:00,15,6,0,10,300
2021-09-11,06:00,15,9,0,10,600
2021-09-11,09:00,15,9,0,10,900
2021-09-11,12:00,18,18,0,10,1200
2021-09-11,15:00,17,17,0.2,10,1500
2021-09-11,18:00,15,12,0.2,10,1800
2021-09-11,21:00,13,7,0,10,2100
2021-09-12,00:00,13,4,0,10,0
2021-09-12,03:00,13,4,0,10,300
2021-09-12,06:00,13,6,0,10,600
2021-09-12,09:00,15,8,0,10,900
2021-09-12,12:00,18,8,0,10,1200
2021-09-12,15:00,19,7,0,10,1500
2021-09-12,18:00,17,7,0,10,1800
2021-09-12,21:00,15,15,0,10,2100
2021-09-13,00:00,13,7,1.4,9,0
2021-09-13,03:00,12,6,1.1,9,300
2021-09-13,06:00,12,8,2,9,600
2021-09-13,09:00,13,8,0.2,2,900
2021-09-13,12:00,13,8,0,10,1200
2021-09-13,15:00,13,7,0.3,2,1500
2021-09-13,18:00,13,6,0.3,2,1800
2021-09-13,21:00,12,5,0.8,9,2100
2021-09-14,00:00,12,5,0.6,5,0
2021-09-14,03:00,11,4,0,10,300
2021-09-14,06:00,10,4,0,10,600
2021-09-14,09:00,14,6,0,10,900
2021-09-14,12:00,17,8,0,10,1200
2021-09-14,15:00,20,6,0,10,1500
2021-09-14,18:00,17,5,0,10,1800
2021-09-14,21:00,14,3,0,10,2100
2021-09-15,00:00,12,12,2.5,9,0
2021-09-15,03:00,12,9,0.8,9,300
2021-09-15,06:00,11,8,0.8,9,600
2021-09-15,09:00,14,9,0,10,900
2021-09-15,12:00,16,8,0,10,1200
2021-09-15,15:00,17,8,0,10,1500
2021-09-15,18:00,17,5,0,10,1800
2021-09-15,21:00,15,5,0,10,2100
2021-09-16,00:00,13,3,0,10,0
2021-09-16,03:00,14,4,0,10,300
2021-09-16,06:00,13,5,0.1,10,600
2021-09-16,09:00,15,9,0,10,900
2021-09-16,12:00,18,10,0,10,1200
2021-09-16,15:00,20,8,0,10,1500
2021-09-16,18:00,18,5,0,10,1800
2021-09-16,21:00,15,4,0,10,2100
2021-09-17,00:00,13,3,0,10,0
2021-09-17,03:00,13,5,0,10,300
2021-09-17,06:00,13,5,0,10,600
2021-09-17,09:00,17,10,0,10,900
2021-09-17,12:00,21,17,0,10,1200
2021-09-17,15:00,21,17,0,10,1500
2021-09-17,18:00,18,9,0,10,1800
2021-09-17,21:00,17,6,0,10,2100
2021-09-18,00:00,14,6,0,10,0
2021-09-18,03:00,13,5,0,10,300
2021-09-18,06:00,13,6,0,10,600
2021-09-18,09:00,18,4,0,10,900
2021-09-18,12:00,22,13,0,10,1200
2021-09-18,15:00,20,9,1,10,1500
2021-09-18,18:00,18,3,2.4,10,1800
2021-09-18,21:00,16,1,0,10,2100
2021-09-19,00:00,15,4,0.1,10,0
2021-09-19,03:00,14,5,0.2,10,300
2021-09-19,06:00,14,5,0.2,10,600
2021-09-19,09:00,15,5,0,10,900
2021-09-19,12:00,15,5,0,10,1200
2021-09-19,15:00,17,7,0,10,1500
2021-09-19,18:00,15,6,0,10,1800
2021-09-19,21:00,13,6,0,10,2100
2021-09-20,00:00,11,5,0,10,0
2021-09-20,03:00,11,5,0,10,300
2021-09-20,06:00,12,5,0,10,600
2021-09-20,09:00,14,6,0,10,900
2021-09-20,12:00,17,3,0,10,1200
2021-09-20,15:00,17,11,0.1,10,1500
2021-09-20,18:00,14,8,0.2,9,1800
2021-09-20,21:00,11,3,0,10,2100
2021-09-21,00:00,11,3,0,10,0
2021-09-21,03:00,11,5,0,10,300
2021-09-21,06:00,11,5,0,2,600
2021-09-21,09:00,15,8,0,10,900
2021-09-21,12:00,16,11,0,10,1200
2021-09-21,15:00,18,13,0,10,1500
2021-09-21,18:00,17,4,0,10,1800
2021-09-21,21:00,12,3,0,10,2100
2021-09-22,00:00,11,4,0,10,0
2021-09-22,03:00,11,4,0,10,300
2021-09-22,06:00,10,5,0,2,600
2021-09-22,09:00,14,6,0,10,900
2021-09-22,12:00,19,11,0,10,1200
2021-09-22,15:00,20,15,0,10,1500
2021-09-22,18:00,15,10,0,10,1800
2021-09-22,21:00,13,7,0,10,2100
2021-09-23,00:00,14,13,0,10,0
2021-09-23,03:00,15,21,0,10,300
2021-09-23,06:00,14,15,0.2,10,600
2021-09-23,09:00,14,20,0,10,900
2021-09-23,12:00,17,21,0,10,1200
2021-09-23,15:00,16,18,0,10,1500
2021-09-23,18:00,14,12,0,10,1800
2021-09-23,21:00,14,9,0,10,2100
2021-09-24,00:00,14,11,0,10,0
2021-09-24,03:00,14,9,0,10,300
2021-09-24,06:00,12,9,0,10,600
2021-09-24,09:00,15,13,0,10,900
2021-09-24,12:00,17,12,0,10,1200
2021-09-24,15:00,18,18,0,10,1500
2021-09-24,18:00,18,19,0,10,1800
2021-09-24,21:00,17,14,0.1,10,2100
2021-09-25,00:00,15,10,0.3,10,0
2021-09-25,03:00,14,6,0,2,300
2021-09-25,06:00,14,2,0,2,600
2021-09-25,09:00,15,4,0.1,10,900
2021-09-25,12:00,16,4,0.4,2,1200
2021-09-25,15:00,18,4,0.2,2,1500
2021-09-25,18:00,17,5,0.4,2,1800
2021-09-25,21:00,17,7,0,2,2100
2021-09-26,00:00,17,9,0,10,0
2021-09-26,03:00,16,11,0.1,10,300
2021-09-26,06:00,13,9,0.1,10,600
2021-09-26,09:00,17,14,0,10,900
2021-09-26,12:00,22,21,0,10,1200
2021-09-26,15:00,21,18,0,10,1500
2021-09-26,18:00,19,19,0,10,1800
2021-09-26,21:00,17,22,0,10,2100
2021-09-27,00:00,11,19,0,10,0
2021-09-27,03:00,11,12,1.2,9,300
2021-09-27,06:00,9,10,0,10,600
2021-09-27,09:00,12,18,0,10,900
2021-09-27,12:00,16,21,0,10,1200
2021-09-27,15:00,17,18,0,10,1500
2021-09-27,18:00,15,14,0,10,1800
2021-09-27,21:00,11,11,0,10,2100
2021-09-28,00:00,10,17,0,10,0
2021-09-28,03:00,9,13,0,10,300
2021-09-28,06:00,9,12,0,10,600
2021-09-28,09:00,11,11,0.3,2,900
2021-09-28,12:00,11,12,0,10,1200
2021-09-28,15:00,11,8,7,7,1500
2021-09-28,18:00,10,9,8.6,5,1800
2021-09-28,21:00,8,4,0,2,2100
2021-09-29,00:00,10,20,6.7,7,0
2021-09-29,03:00,8,30,1.5,9,300
2021-09-29,06:00,8,31,1.5,9,600
2021-09-29,09:00,10,29,0,10,900
2021-09-29,12:00,13,28,0.1,10,1200
2021-09-29,15:00,13,23,0.1,10,1500
2021-09-29,18:00,11,15,0.2,10,1800
2021-09-29,21:00,8,10,0.1,10,2100
2021-09-30,00:00,8,8,0,10,0
2021-09-30,03:00,8,10,0,10,300
2021-09-30,06:00,9,16,0.6,2,600
2021-09-30,09:00,11,21,1.2,9,900
2021-09-30,12:00,13,19,2.1,9,1200
2021-09-30,15:00,15,18,1.1,10,1500
2021-09-30,18:00,14,13,0,10,1800
2021-09-30,21:00,13,13,1.5,10,2100
2021-10-01,00:00,12,14,0.5,2,0
2021-10-01,03:00,12,20,1.1,9,300
2021-10-01,06:00,13,26,1.5,9,600
2021-10-01,09:00,12,14,2.6,7,900
2021-10-01,12:00,12,17,1.4,9,1200
2021-10-01,15:00,11,14,0.4,10,1500
2021-10-01,18:00,9,12,0.1,10,1800
2021-10-01,21:00,8,7,0,10,2100
2021-10-02,00:00,9,14,0,10,0
2021-10-02,03:00,8,12,0,10,300
2021-10-02,06:00,8,13,0,10,600
2021-10-02,09:00,10,15,0.5,2,900
2021-10-02,12:00,13,24,0,10,1200
2021-10-02,15:00,10,23,0.6,2,1500
2021-10-02,18:00,10,18,5.7,7,1800
2021-10-02,21:00,10,24,1.2,9,2100
2021-10-03,00:00,8,15,1.3,9,0
2021-10-03,03:00,7,12,0,10,300
2021-10-03,06:00,7,11,0,10,600
2021-10-03,09:00,10,17,0,10,900
2021-10-03,12:00,11,25,0,10,1200
2021-10-03,15:00,10,25,1.3,10,1500
2021-10-03,18:00,9,8,0,10,1800
2021-10-03,21:00,7,8,0,2,2100
2021-10-04,00:00,9,13,0,10,0
2021-10-04,03:00,9,14,0.2,9,300
2021-10-04,06:00,9,13,0,10,600
2021-10-04,09:00,10,12,1.1,10,900
2021-10-04,12:00,13,15,0,10,1200
2021-10-04,15:00,14,13,0.7,9,1500
2021-10-04,18:00,11,9,0,10,1800
2021-10-04,21:00,10,7,0,10,2100
2021-10-05,00:00,10,9,0,10,0
2021-10-05,03:00,10,4,4.2,7,300
2021-10-05,06:00,10,4,4.1,7,600
2021-10-05,09:00,11,5,0.3,10,900
2021-10-05,12:00,10,13,0,10,1200
2021-10-05,15:00,10,25,7.2,7,1500
2021-10-05,18:00,10,27,13.2,5,1800
2021-10-05,21:00,10,20,1.8,9,2100
2021-10-05,00:00,10,9,0,10,0
2021-10-05,03:00,10,4,4.2,7,300
2021-10-05,06:00,10,4,4.1,7,600
2021-10-05,09:00,11,5,0.3,10,900
2021-10-05,12:00,10,13,0,10,1200
2021-10-05,15:00,10,25,7.2,7,1500
2021-10-05,18:00,10,27,13.2,5,1800
2021-10-05,21:00,10,20,1.8,9,2100
2021-10-06,00:00,8,7,0,10,0
2021-10-06,03:00,9,12,0,10,300
2021-10-06,06:00,8,6,0,10,600
2021-10-06,09:00,11,8,0,10,900
2021-10-06,12:00,15,13,0,10,1200
2021-10-06,15:00,14,12,0,10,1500
2021-10-06,18:00,12,3,0,10,1800
2021-10-06,21:00,10,6,0,10,2100
2021-10-07,00:00,11,7,0,10,0
2021-10-07,03:00,11,8,0.4,2,300
2021-10-07,06:00,11,7,0.4,2,600
2021-10-07,09:00,14,9,0,10,900
2021-10-07,12:00,18,12,0,10,1200
2021-10-07,15:00,18,12,0,10,1500
2021-10-07,18:00,16,8,0,10,1800
2021-10-07,21:00,14,6,0,10,2100
2021-10-08,00:00,14,7,0,2,0
2021-10-08,03:00,13,7,0,10,300
2021-10-08,06:00,13,6,0,10,600
2021-10-08,09:00,15,7,0,10,900
2021-10-08,12:00,19,8,0,10,1200
2021-10-08,15:00,20,8,0,10,1500
2021-10-08,18:00,17,4,0,10,1800
2021-10-08,21:00,16,5,0,10,2100
2021-10-09,00:00,15,4,0,10,0
2021-10-09,03:00,15,4,0,10,300
2021-10-09,06:00,15,4,0,10,600
2021-10-09,09:00,16,3,0,10,900
2021-10-09,12:00,18,6,0,10,1200
2021-10-09,15:00,18,4,0.1,10,1500
2021-10-09,18:00,16,6,0.1,10,1800
2021-10-09,21:00,15,6,0,10,2100
2021-10-10,00:00,15,4,0.2,2,0
2021-10-10,03:00,14,6,0,2,300
2021-10-10,06:00,14,6,0.1,2,600
2021-10-10,09:00,14,11,0,10,900
2021-10-10,12:00,19,18,0,10,1200
2021-10-10,15:00,15,18,0,10,1500
2021-10-10,18:00,12,12,0,10,1800
2021-10-10,21:00,11,10,0,10,2100
2021-10-11,00:00,10,9,0.1,10,0
2021-10-11,03:00,10,6,0,10,300
2021-10-11,06:00,9,7,0.1,10,600
2021-10-11,09:00,12,11,0,10,900
2021-10-11,12:00,14,16,0,10,1200
2021-10-11,15:00,14,18,0,10,1500
2021-10-11,18:00,11,12,0,10,1800
2021-10-11,21:00,10,9,0,10,2100
2021-10-12,00:00,10,11,0.1,10,0
2021-10-12,03:00,10,9,0.1,10,300
2021-10-12,06:00,9,5,0.1,2,600
2021-10-12,09:00,11,8,0.2,10,900
2021-10-12,12:00,14,15,1.1,10,1200
2021-10-12,15:00,13,15,1.7,10,1500
2021-10-12,18:00,11,5,2.9,7,1800
2021-10-12,21:00,10,5,0.2,10,2100
2021-10-13,00:00,10,3,0,10,0
2021-10-13,03:00,10,1,0,2,300
2021-10-13,06:00,9,3,0,0,600
2021-10-13,09:00,11,3,0,10,900
2021-10-13,12:00,14,9,0.1,10,1200
2021-10-13,15:00,15,13,0,10,1500
2021-10-13,18:00,12,6,0.1,10,1800
2021-10-13,21:00,11,4,0,2,2100
2021-10-14,00:00,10,5,0,2,0
2021-10-14,03:00,9,6,0,2,300
2021-10-14,06:00,8,6,0,10,600
2021-10-14,09:00,11,8,0,10,900
2021-10-14,12:00,16,15,0,10,1200
2021-10-14,15:00,17,19,0,10,1500
2021-10-14,18:00,15,17,0,10,1800
2021-10-14,21:00,14,17,0,10,2100
2021-10-15,00:00,12,16,0,10,0
2021-10-15,03:00,9,17,1.2,9,300
2021-10-15,06:00,9,12,0.8,9,600
2021-10-15,09:00,10,12,0,10,900
2021-10-15,12:00,13,8,0,10,1200
2021-10-15,15:00,13,8,0,10,1500
2021-10-15,18:00,12,9,0,10,1800
2021-10-15,21:00,11,9,0,10,2100
2021-10-16,00:00,9,7,0,10,0
2021-10-16,03:00,9,10,0,10,300
2021-10-16,06:00,8,6,0,10,600
2021-10-16,09:00,11,8,0,10,900
2021-10-16,12:00,13,10,0,10,1200
2021-10-16,15:00,13,8,0,10,1500
2021-10-16,18:00,12,8,0.1,10,1800
2021-10-16,21:00,11,8,0,10,2100
2021-10-17,00:00,11,9,0,10,0
2021-10-17,03:00,11,13,0.6,2,300
2021-10-17,06:00,11,17,2.1,9,600
2021-10-17,09:00,12,15,0.9,9,900
2021-10-17,12:00,13,14,1.4,9,1200
2021-10-17,15:00,13,9,0.1,10,1500
2021-10-17,18:00,13,9,0.3,2,1800
2021-10-17,21:00,13,11,0,10,2100
2021-10-18,00:00,12,7,0.2,10,0
2021-10-18,03:00,12,8,0,2,300
2021-10-18,06:00,12,9,0,10,600
2021-10-18,09:00,13,14,0,10,900
2021-10-18,12:00,14,17,0,10,1200
2021-10-18,15:00,15,17,1.9,9,1500
2021-10-18,18:00,15,16,0,10,1800
2021-10-18,21:00,15,13,0,10,2100
2021-10-19,00:00,13,6,0.1,0,0
2021-10-19,03:00,13,9,0,0,300
2021-10-19,06:00,13,9,0,2,600
2021-10-19,09:00,14,8,1.5,9,900
2021-10-19,12:00,16,17,0.4,2,1200
2021-10-19,15:00,18,17,0.1,10,1500
2021-10-19,18:00,17,18,0,10,1800
2021-10-19,21:00,16,18,9.4,5,2100
2021-10-20,00:00,15,18,0,10,0
2021-10-20,03:00,14,14,5.2,7,300
2021-10-20,06:00,14,13,4,7,600
2021-10-20,09:00,14,21,2.8,7,900
2021-10-20,12:00,12,17,0,10,1200
2021-10-20,15:00,12,15,0.1,10,1500
2021-10-20,18:00,11,2,0,10,1800
2021-10-20,21:00,9,6,0,10,2100
2021-10-21,00:00,10,21,0,10,0
2021-10-21,03:00,8,27,0.2,10,300
2021-10-21,06:00,5,15,0,10,600
2021-10-21,09:00,7,18,0,10,900
2021-10-21,12:00,10,21,0,10,1200
2021-10-21,15:00,10,18,0,10,1500
2021-10-21,18:00,7,12,0,10,1800
2021-10-21,21:00,9,19,0.1,10,2100
2021-10-22,00:00,9,23,0.1,10,0
2021-10-22,03:00,9,24,0,10,300
2021-10-22,06:00,10,24,0,10,600
2021-10-22,09:00,11,23,0.3,10,900
2021-10-22,12:00,12,22,0.6,9,1200
2021-10-22,15:00,12,19,0.4,9,1500
2021-10-22,18:00,10,9,0.4,9,1800
2021-10-22,21:00,10,4,0.3,9,2100
2021-10-23,00:00,8,6,0,10,0
2021-10-23,03:00,9,8,0,10,300
2021-10-23,06:00,7,8,0,10,600
2021-10-23,09:00,9,11,0,10,900
2021-10-23,12:00,13,18,0,10,1200
2021-10-23,15:00,13,20,0,10,1500
2021-10-23,18:00,12,19,0,10,1800
2021-10-23,21:00,10,20,0,10,2100
2021-10-24,00:00,10,19,0,10,0
2021-10-24,03:00,10,21,0.1,10,300
2021-10-24,06:00,11,22,0.3,2,600
2021-10-24,09:00,11,22,0.2,2,900
2021-10-24,12:00,14,22,0,10,1200
2021-10-24,15:00,13,18,0.1,10,1500
2021-10-24,18:00,12,15,0.6,2,1800
2021-10-24,21:00,11,13,0.5,10,2100
2021-10-25,00:00,10,15,0,10,0
2021-10-25,03:00,9,10,0,10,300
2021-10-25,06:00,8,10,0,10,600
2021-10-25,09:00,10,12,0,10,900
2021-10-25,12:00,13,17,0,10,1200
2021-10-25,15:00,13,13,0.1,10,1500
2021-10-25,18:00,10,10,0.1,10,1800
2021-10-25,21:00,9,10,0,10,2100
2021-10-26,00:00,8,8,0,10,0
2021-10-26,03:00,8,9,0,10,300
2021-10-26,06:00,8,12,0,10,600
2021-10-26,09:00,10,18,0,10,900
2021-10-26,12:00,12,16,0.9,9,1200
2021-10-26,15:00,14,15,0.1,10,1500
2021-10-26,18:00,14,15,0.1,10,1800
2021-10-26,21:00,12,14,0,10,2100
2021-10-27,00:00,14,22,0,10,0
2021-10-27,03:00,15,22,0,10,300
2021-10-27,06:00,15,25,0,10,600
2021-10-27,09:00,16,28,0,10,900
2021-10-27,12:00,16,28,0.1,10,1200
2021-10-27,15:00,16,28,0.8,9,1500
2021-10-27,18:00,16,26,1.1,9,1800
2021-10-27,21:00,16,25,0.5,2,2100
2021-10-28,00:00,15,27,0,10,0
2021-10-28,03:00,14,21,1.1,9,300
2021-10-28,06:00,13,15,3.9,7,600
2021-10-28,09:00,14,13,2.6,7,900
2021-10-28,12:00,15,27,2.7,7,1200
2021-10-28,15:00,15,26,0.6,2,1500
2021-10-28,18:00,15,27,0,10,1800
2021-10-28,21:00,15,22,0.7,2,2100
2021-10-29,00:00,14,23,5.7,7,0
2021-10-29,03:00,13,13,6.7,7,300
2021-10-29,06:00,12,9,7.2,7,600
2021-10-29,09:00,12,9,0.5,10,900
2021-10-29,12:00,12,5,1.3,10,1200
2021-10-29,15:00,12,8,0.7,10,1500
2021-10-29,18:00,10,8,0,10,1800
2021-10-29,21:00,9,6,0,10,2100
2021-10-30,00:00,10,19,0,10,0
2021-10-30,03:00,9,13,1.3,9,300
2021-10-30,06:00,9,12,0,10,600
2021-10-30,09:00,10,8,0.5,10,900
2021-10-30,12:00,12,11,0.5,9,1200
2021-10-30,15:00,11,9,0.3,10,1500
2021-10-30,18:00,10,5,0.3,10,1800
2021-10-30,21:00,8,6,0,10,2100
2021-10-31,00:00,7,13,0,10,0
2021-10-31,03:00,8,19,0,10,300
2021-10-31,06:00,10,28,0,10,600
2021-10-31,09:00,11,15,1.4,10,900
2021-10-31,12:00,10,9,0,10,1200
2021-10-31,15:00,12,17,0.5,10,1500
2021-10-31,18:00,9,18,0,10,1800
2021-10-31,21:00,9,22,0.3,10,2100
2021-11-01,00:00,9,31,0,10,0
2021-11-01,03:00,8,23,2.6,7,300
2021-11-01,06:00,9,29,5.2,6,600
2021-11-01,09:00,9,28,1.8,10,900
2021-11-01,12:00,11,28,0.8,9,1200
2021-11-01,15:00,11,23,0.6,9,1500
2021-11-01,18:00,9,14,0,10,1800
2021-11-01,21:00,7,12,0,10,2100
2021-11-02,00:00,6,7,0,10,0
2021-11-02,03:00,5,7,0,2,300
2021-11-02,06:00,5,6,0,2,600
2021-11-02,09:00,7,6,0,10,900
2021-11-02,12:00,10,9,0,10,1200
2021-11-02,15:00,10,11,0.2,10,1500
2021-11-02,18:00,8,6,0,10,1800
2021-11-02,21:00,7,5,0,10,2100
2021-11-03,00:00,6,4,0,10,0
2021-11-03,03:00,6,5,0,10,300
2021-11-03,06:00,6,7,0,10,600
2021-11-03,09:00,8,6,0,10,900
2021-11-03,12:00,10,11,0,10,1200
2021-11-03,15:00,9,15,0,10,1500
2021-11-03,18:00,8,14,0,10,1800
2021-11-03,21:00,8,16,0.1,10,2100
2021-11-04,00:00,5,11,0,10,0
2021-11-04,03:00,4,8,0,10,300
2021-11-04,06:00,3,8,0,10,600
2021-11-04,09:00,5,7,0,10,900
2021-11-04,12:00,8,9,0,10,1200
2021-11-04,15:00,8,10,0,10,1500
2021-11-04,18:00,6,5,0,10,1800
2021-11-04,21:00,4,3,0,10,2100
2021-11-05,00:00,4,2,0,10,0
2021-11-05,03:00,4,3,0,10,300
2021-11-05,06:00,5,3,0,10,600
2021-11-05,09:00,6,2,0,10,900
2021-11-05,12:00,9,10,0,10,1200
2021-11-05,15:00,11,15,0.1,10,1500
2021-11-05,18:00,9,12,0.1,10,1800
2021-11-05,21:00,10,13,0.1,10,2100
2021-11-06,00:00,8,12,0.2,10,0
2021-11-06,03:00,8,10,0.1,10,300
2021-11-06,06:00,7,10,0.1,10,600
2021-11-06,09:00,8,12,0,10,900
2021-11-06,12:00,10,17,0,10,1200
2021-11-06,15:00,12,18,0,10,1500
2021-11-06,18:00,11,18,0,10,1800
2021-11-06,21:00,12,19,0.1,10,2100
2021-11-07,00:00,10,22,0,10,0
2021-11-07,03:00,9,21,0,10,300
2021-11-07,06:00,9,22,0,10,600
2021-11-07,09:00,9,23,0,10,900
2021-11-07,12:00,11,23,0.1,10,1200
2021-11-07,15:00,11,21,0.1,10,1500
2021-11-07,18:00,10,18,0.1,10,1800
2021-11-07,21:00,8,19,0,10,2100
2021-11-08,00:00,8,16,0,10,0
2021-11-08,03:00,7,11,0,10,300
2021-11-08,06:00,6,4,0,10,600
2021-11-08,09:00,7,4,0,10,900
2021-11-08,12:00,10,8,0,10,1200
2021-11-08,15:00,11,8,0,10,1500
2021-11-08,18:00,9,10,0,10,1800
2021-11-08,21:00,10,12,0,10,2100
2021-11-08,00:00,8,16,0,10,0
2021-11-08,03:00,7,11,0,10,300
2021-11-08,06:00,6,4,0,10,600
2021-11-08,09:00,7,4,0,10,900
2021-11-08,12:00,10,8,0,10,1200
2021-11-08,15:00,11,8,0,10,1500
2021-11-08,18:00,9,10,0,10,1800
2021-11-08,21:00,10,12,0,10,2100
2021-11-09,00:00,12,15,0,10,0
2021-11-09,03:00,12,17,0,10,300
2021-11-09,06:00,12,19,0,10,600
2021-11-09,09:00,12,18,0.1,10,900
2021-11-09,12:00,13,22,0.3,10,1200
2021-11-09,15:00,12,16,0.3,9,1500
2021-11-09,18:00,10,8,0.3,9,1800
2021-11-09,21:00,8,6,0,10,2100
2021-11-10,00:00,11,8,0.2,2,0
2021-11-10,03:00,10,6,0,10,300
2021-11-10,06:00,9,4,0,2,600
2021-11-10,09:00,10,3,0,10,900
2021-11-10,12:00,12,6,0,10,1200
2021-11-10,15:00,12,6,0,10,1500
2021-11-10,18:00,11,4,0.2,10,1800
2021-11-10,21:00,9,5,0,10,2100
2021-11-11,00:00,8,1,0,10,0
2021-11-11,03:00,7,2,0,10,300
2021-11-11,06:00,6,5,0,10,600
2021-11-11,09:00,7,4,0,10,900
2021-11-11,12:00,11,6,0,10,1200
2021-11-11,15:00,14,3,0,10,1500
2021-11-11,18:00,11,6,0,10,1800
2021-11-11,21:00,8,7,0,10,2100
2021-11-12,00:00,10,20,0,10,0
2021-11-12,03:00,10,20,0,10,300
2021-11-12,06:00,10,24,0,10,600
2021-11-12,09:00,11,20,0.9,10,900
2021-11-12,12:00,12,22,0.8,10,1200
2021-11-12,15:00,11,22,0.2,2,1500
2021-11-12,18:00,12,20,1.4,9,1800
2021-11-12,21:00,11,24,1.1,10,2100
2021-11-13,00:00,10,17,0.6,10,0
2021-11-13,03:00,10,11,0,10,300
2021-11-13,06:00,9,9,0,2,600
2021-11-13,09:00,9,5,0,10,900
2021-11-13,12:00,12,6,0,10,1200
2021-11-13,15:00,12,6,0,10,1500
2021-11-13,18:00,10,8,0,10,1800
2021-11-13,21:00,10,8,0,10,2100
2021-11-14,00:00,8,5,0,10,0
2021-11-14,03:00,8,7,0,10,300
2021-11-14,06:00,8,7,0,10,600
2021-11-14,09:00,9,5,0,10,900
2021-11-14,12:00,12,6,0,10,1200
2021-11-14,15:00,12,7,0,10,1500
2021-11-14,18:00,11,7,0,10,1800
2021-11-14,21:00,10,6,0,10,2100
2021-11-15,00:00,8,2,0,10,0
2021-11-15,03:00,7,5,0,10,300
2021-11-15,06:00,7,4,0,10,600
2021-11-15,09:00,8,4,0,10,900
2021-11-15,12:00,10,3,0,10,1200
2021-11-15,15:00,10,1,0,10,1500
2021-11-15,18:00,9,3,0,10,1800
2021-11-15,21:00,9,1,0,10,2100
2021-11-16,00:00,9,6,0,2,0
2021-11-16,03:00,9,5,0,10,300
2021-11-16,06:00,8,1,0,10,600
2021-11-16,09:00,9,5,0,10,900
2021-11-16,12:00,11,13,0,10,1200
2021-11-16,15:00,11,14,0,10,1500
2021-11-16,18:00,10,15,0,10,1800
2021-11-16,21:00,11,19,0.1,10,2100
2021-11-17,00:00,10,20,0.2,9,0
2021-11-17,03:00,8,18,0.1,10,300
2021-11-17,06:00,8,15,0,10,600
2021-11-17,09:00,8,17,0.1,10,900
2021-11-17,12:00,11,21,0.5,10,1200
2021-11-17,15:00,10,21,0.4,10,1500
2021-11-17,18:00,10,19,0.6,10,1800
2021-11-17,21:00,10,17,0.2,10,2100
2021-11-18,00:00,10,11,0.1,10,0
2021-11-18,03:00,11,13,0,10,300
2021-11-18,06:00,12,16,0.1,10,600
2021-11-18,09:00,12,20,0,10,900
2021-11-18,12:00,14,21,0,10,1200
2021-11-18,15:00,14,17,0,10,1500
2021-11-18,18:00,13,18,0,10,1800
2021-11-18,21:00,13,21,0,10,2100
2021-11-19,00:00,14,19,0,10,0
2021-11-19,03:00,14,19,0,10,300
2021-11-19,06:00,12,18,0,10,600
2021-11-19,09:00,12,16,0,10,900
2021-11-19,12:00,15,18,0,10,1200
2021-11-19,15:00,14,18,0,10,1500
2021-11-19,18:00,12,10,0,10,1800
2021-11-19,21:00,10,6,0,10,2100
2021-11-20,00:00,11,10,0,10,0
2021-11-20,03:00,10,8,0,10,300
2021-11-20,06:00,10,14,0,10,600
2021-11-20,09:00,10,17,0.1,10,900
2021-11-20,12:00,12,20,0.1,10,1200
2021-11-20,15:00,12,20,0,10,1500
2021-11-20,18:00,11,17,0.1,10,1800
2021-11-20,21:00,8,14,0,10,2100
2021-11-21,00:00,7,14,0,10,0
2021-11-21,03:00,6,14,0,10,300
2021-11-21,06:00,5,8,0,10,600
2021-11-21,09:00,5,15,0,10,900
2021-11-21,12:00,8,18,0,10,1200
2021-11-21,15:00,7,14,0,10,1500
2021-11-21,18:00,7,14,0,10,1800
2021-11-21,21:00,6,16,0,10,2100
2021-11-22,00:00,5,15,0,10,0
2021-11-22,03:00,4,9,0,10,300
2021-11-22,06:00,3,9,0,10,600
2021-11-22,09:00,4,6,0,10,900
2021-11-22,12:00,7,8,0,10,1200
2021-11-22,15:00,7,6,0,10,1500
2021-11-22,18:00,5,5,0,10,1800
2021-11-22,21:00,5,4,0,10,2100
2021-11-23,00:00,5,1,0,10,0
2021-11-23,03:00,4,2,0,10,300
2021-11-23,06:00,4,2,0,10,600
2021-11-23,09:00,4,4,0,10,900
2021-11-23,12:00,7,1,0,10,1200
2021-11-23,15:00,8,3,0,10,1500
2021-11-23,18:00,6,1,0,10,1800
2021-11-23,21:00,5,1,0,10,2100
2021-11-24,00:00,7,5,0,10,0
2021-11-24,03:00,7,6,0,10,300
2021-11-24,06:00,7,12,0,10,600
2021-11-24,09:00,7,12,0.1,10,900
2021-11-24,12:00,8,10,0,10,1200
2021-11-24,15:00,7,12,0.5,2,1500
2021-11-24,18:00,7,3,0,10,1800
2021-11-24,21:00,5,5,0.1,10,2100
2021-11-25,00:00,4,8,0,10,0
2021-11-25,03:00,4,14,0,10,300
2021-11-25,06:00,3,9,0,10,600
2021-11-25,09:00,3,10,0,10,900
2021-11-25,12:00,6,16,0,10,1200
2021-11-25,15:00,5,12,0,10,1500
2021-11-25,18:00,4,6,0,10,1800
2021-11-25,21:00,2,4,0,10,2100
2021-11-26,00:00,2,10,0,10,0
2021-11-26,03:00,4,18,0.1,10,300
2021-11-26,06:00,5,21,0,10,600
2021-11-26,09:00,6,21,5.7,6,900
2021-11-26,12:00,8,26,3.7,7,1200
2021-11-26,15:00,7,19,3.9,8,1500
2021-11-26,18:00,5,5,1.6,9,1800
2021-11-26,21:00,4,3,0,10,2100
2021-11-27,00:00,3,1,0,10,0
2021-11-27,03:00,3,4,0,10,300
2021-11-27,06:00,2,5,0,10,600
2021-11-27,09:00,3,15,0.3,9,900
2021-11-27,12:00,5,13,0,10,1200
2021-11-27,15:00,4,14,0.1,10,1500
2021-11-27,18:00,5,16,0,10,1800
2021-11-27,21:00,4,17,0.6,2,2100
2021-11-28,00:00,4,17,0,10,0
2021-11-28,03:00,4,22,0.2,9,300
2021-11-28,06:00,3,21,0,10,600
2021-11-28,09:00,3,18,1.2,2,900
2021-11-28,12:00,4,16,1.2,9,1200
2021-11-28,15:00,3,12,0,10,1500
2021-11-28,18:00,2,8,0,10,1800
2021-11-28,21:00,1,4,0,10,2100
2021-11-29,00:00,0,5,0,10,0
2021-11-29,03:00,0,5,0,10,300
2021-11-29,06:00,0,3,0,10,600
2021-11-29,09:00,1,1,0,10,900
2021-11-29,12:00,3,5,0,10,1200
2021-11-29,15:00,3,8,0,10,1500
2021-11-29,18:00,3,11,0,10,1800
2021-11-29,21:00,5,12,0.8,9,2100
2021-11-30,00:00,9,23,1.4,9,0
2021-11-30,03:00,10,27,0.4,2,300
2021-11-30,06:00,10,24,0.6,10,600
2021-11-30,09:00,10,21,0.3,2,900
2021-11-30,12:00,10,21,0.1,10,1200
2021-11-30,15:00,10,18,0.1,10,1500
2021-11-30,18:00,10,15,0,10,1800
2021-11-30,21:00,10,22,2.9,7,2100
2021-12-01,00:00,10,17,0.9,9,0
2021-12-01,03:00,7,29,3.8,7,300
2021-12-01,06:00,7,31,2.4,9,600
2021-12-01,09:00,7,30,0.2,10,900
2021-12-01,12:00,6,21,0,10,1200
2021-12-01,15:00,6,17,0.2,10,1500
2021-12-01,18:00,4,13,0,10,1800
2021-12-01,21:00,2,10,0,10,2100
2021-12-02,00:00,2,6,0,10,0
2021-12-02,03:00,1,4,1.1,2,300
2021-12-02,06:00,1,12,1.9,5,600
2021-12-02,09:00,1,11,0,10,900
2021-12-02,12:00,3,12,0,10,1200
2021-12-02,15:00,3,11,0,10,1500
2021-12-02,18:00,2,5,0,10,1800
2021-12-02,21:00,2,6,0,10,2100
2021-12-03,00:00,2,9,0,10,0
2021-12-03,03:00,2,10,0,10,300
2021-12-03,06:00,2,9,0,10,600
2021-12-03,09:00,3,13,0,10,900
2021-12-03,12:00,5,9,0,10,1200
2021-12-03,15:00,5,8,0.6,2,1500
2021-12-03,18:00,6,9,0,2,1800
2021-12-03,21:00,6,15,0.1,10,2100
2021-12-04,00:00,6,7,0,10,0
2021-12-04,03:00,6,14,1.2,9,300
2021-12-04,06:00,6,17,2.9,8,600
2021-12-04,09:00,4,15,2,9,900
2021-12-04,12:00,6,20,0.7,2,1200
2021-12-04,15:00,6,26,3.9,6,1500
2021-12-04,18:00,6,25,2.2,9,1800
2021-12-04,21:00,6,24,2.9,6,2100
2021-12-05,00:00,4,12,0,10,0
2021-12-05,03:00,4,16,0,10,300
2021-12-05,06:00,4,15,0,10,600
2021-12-05,09:00,4,16,0.1,10,900
2021-12-05,12:00,6,16,0,10,1200
2021-12-05,15:00,5,12,0,10,1500
2021-12-05,18:00,4,8,0,10,1800
2021-12-05,21:00,2,5,0,10,2100
2021-12-06,00:00,2,2,0,10,0
2021-12-06,03:00,2,6,0,10,300
2021-12-06,06:00,3,12,0,10,600
2021-12-06,09:00,1,17,1.3,2,900
2021-12-06,12:00,2,17,1.9,2,1200
2021-12-06,15:00,5,24,3.6,8,1500
2021-12-06,18:00,5,27,2.1,9,1800
2021-12-06,21:00,5,27,0.5,10,2100
2021-12-07,00:00,4,16,1,9,0
2021-12-07,03:00,3,6,0.1,10,300
2021-12-07,06:00,2,9,0.1,10,600
2021-12-07,09:00,2,10,0,10,900
2021-12-07,12:00,5,24,0,10,1200
2021-12-07,15:00,5,32,0.1,10,1500
2021-12-07,18:00,4,26,0.8,9,1800
2021-12-07,21:00,4,15,1,9,2100
2021-12-08,00:00,4,30,0,10,0
2021-12-08,03:00,5,29,1,9,300
2021-12-08,06:00,5,25,0,10,600
2021-12-08,09:00,5,23,1.5,9,900
2021-12-08,12:00,5,12,0,10,1200
2021-12-08,15:00,5,5,0.1,10,1500
2021-12-08,18:00,5,4,0,10,1800
2021-12-08,21:00,4,5,0.1,2,2100
2021-12-09,00:00,5,5,1.8,9,0
2021-12-09,03:00,5,7,0.5,10,300
2021-12-09,06:00,6,18,1,10,600
2021-12-09,09:00,7,19,0.4,10,900
2021-12-09,12:00,7,15,1.1,10,1200
2021-12-09,15:00,7,11,0.5,10,1500
2021-12-09,18:00,6,9,0,10,1800
2021-12-09,21:00,5,13,0.4,2,2100
2021-12-10,00:00,6,22,4.4,7,0
2021-12-10,03:00,5,20,0.6,2,300
2021-12-10,06:00,5,20,0,10,600
2021-12-10,09:00,5,20,0,10,900
2021-12-10,12:00,7,23,0,10,1200
2021-12-10,15:00,6,20,0,10,1500
2021-12-10,18:00,6,18,0,10,1800
2021-12-10,21:00,4,9,0,10,2100
2021-12-11,00:00,4,8,0,10,0
2021-12-11,03:00,3,4,0,10,300
2021-12-11,06:00,3,5,0,10,600
2021-12-11,09:00,4,7,0,2,900
2021-12-11,12:00,5,9,0,10,1200
2021-12-11,15:00,6,12,0.8,9,1500
2021-12-11,18:00,6,12,0.9,9,1800
2021-12-11,21:00,7,9,1.6,9,2100
2021-12-12,00:00,7,8,0.2,2,0
2021-12-12,03:00,8,5,0.3,2,300
2021-12-12,06:00,8,4,0.2,2,600
2021-12-12,09:00,8,5,0.1,2,900
2021-12-12,12:00,8,4,0.3,2,1200
2021-12-12,15:00,8,6,0.4,2,1500
2021-12-12,18:00,10,7,0.3,2,1800
2021-12-12,21:00,10,12,0.1,2,2100
2021-12-12,00:00,7,8,0.2,2,0
2021-12-12,03:00,8,5,0.3,2,300
2021-12-12,06:00,8,4,0.2,2,600
2021-12-12,09:00,8,5,0.1,2,900
2021-12-12,12:00,8,4,0.3,2,1200
2021-12-12,15:00,8,6,0.4,2,1500
2021-12-12,18:00,10,7,0.3,2,1800
2021-12-12,21:00,10,12,0.1,2,2100
2021-12-13,00:00,11,22,0,10,0
2021-12-13,03:00,11,19,0.1,10,300
2021-12-13,06:00,8,9,0.2,10,600
2021-12-13,09:00,8,1,0,10,900
2021-12-13,12:00,8,5,0,10,1200
2021-12-13,15:00,8,4,0.3,2,1500
2021-12-13,18:00,8,5,0,10,1800
2021-12-13,21:00,8,5,0.5,2,2100
2021-12-14,00:00,6,2,4.2,7,0
2021-12-14,03:00,5,2,0,10,300
2021-12-14,06:00,5,1,0,10,600
2021-12-14,09:00,5,5,0,2,900
2021-12-14,12:00,6,5,0,10,1200
2021-12-14,15:00,7,5,0,10,1500
2021-12-14,18:00,6,6,0,10,1800
2021-12-14,21:00,4,5,0,10,2100
2021-12-15,00:00,5,7,0,0,0
2021-12-15,03:00,7,5,0,2,300
2021-12-15,06:00,6,6,0,2,600
2021-12-15,09:00,6,7,0,0,900
2021-12-15,12:00,8,5,0,10,1200
2021-12-15,15:00,8,4,0,10,1500
2021-12-15,18:00,7,4,0,2,1800
2021-12-15,21:00,6,2,0,10,2100
2021-12-16,00:00,6,5,0,10,0
2021-12-16,03:00,6,4,0,10,300
2021-12-16,06:00,5,4,0,10,600
2021-12-16,09:00,5,4,0,10,900
2021-12-16,12:00,8,3,0,10,1200
2021-12-16,15:00,9,2,0,10,1500
2021-12-16,18:00,7,3,0,10,1800
2021-12-16,21:00,6,2,0,2,2100
2021-12-17,00:00,6,3,0,10,0
2021-12-17,03:00,6,2,0,10,300
2021-12-17,06:00,6,3,0,10,600
2021-12-17,09:00,6,4,0,10,900
2021-12-17,12:00,11,3,0,10,1200
2021-12-17,15:00,10,4,0,10,1500
2021-12-17,18:00,10,5,0,10,1800
2021-12-17,21:00,7,5,0,10,2100
2021-12-18,00:00,6,5,0,10,0
2021-12-18,03:00,6,4,0,10,300
2021-12-18,06:00,6,4,0,10,600
2021-12-18,09:00,6,4,0,10,900
2021-12-18,12:00,10,1,0,10,1200
2021-12-18,15:00,11,1,0,10,1500
2021-12-18,18:00,10,1,0,10,1800
2021-12-18,21:00,6,1,0,10,2100
2021-12-19,00:00,5,1,0,10,0
2021-12-19,03:00,5,1,0,10,300
2021-12-19,06:00,5,4,0,10,600
2021-12-19,09:00,5,5,0,10,900
2021-12-19,12:00,7,7,0,10,1200
2021-12-19,15:00,7,14,0,10,1500
2021-12-19,18:00,7,13,0,10,1800
2021-12-19,21:00,6,10,0,10,2100
2021-12-20,00:00,5,9,0,10,0
2021-12-20,03:00,7,9,0,10,300
2021-12-20,06:00,5,7,0,10,600
2021-12-20,09:00,4,6,0,10,900
2021-12-20,12:00,6,8,0,10,1200
2021-12-20,15:00,6,6,0,10,1500
2021-12-20,18:00,4,5,0,10,1800
2021-12-20,21:00,3,5,0,10,2100
2021-12-21,00:00,3,4,0,10,0
2021-12-21,03:00,2,3,0,10,300
2021-12-21,06:00,2,2,0,10,600
2021-12-21,09:00,2,3,0,10,900
2021-12-21,12:00,5,3,0,10,1200
2021-12-21,15:00,5,3,0,10,1500
2021-12-21,18:00,5,4,0,10,1800
2021-12-21,21:00,2,4,0,10,2100
2021-12-22,00:00,2,6,0,10,0
2021-12-22,03:00,1,5,0,10,300
2021-12-22,06:00,1,6,0,10,600
2021-12-22,09:00,2,7,0,10,900
2021-12-22,12:00,4,11,0,10,1200
2021-12-22,15:00,5,13,0,10,1500
2021-12-22,18:00,4,12,0,10,1800
2021-12-22,21:00,5,14,1.2,9,2100
2021-12-23,00:00,5,14,0.1,10,0
2021-12-23,03:00,5,12,0,10,300
2021-12-23,06:00,5,10,0,10,600
2021-12-23,09:00,5,10,0,10,900
2021-12-23,12:00,7,12,0,2,1200
2021-12-23,15:00,8,14,0,10,1500
2021-12-23,18:00,7,9,0.1,0,1800
2021-12-23,21:00,6,6,0,0,2100
2021-12-24,00:00,7,6,0.1,2,0
2021-12-24,03:00,6,6,0,2,300
2021-12-24,06:00,5,5,0,2,600
2021-12-24,09:00,5,5,0,2,900
2021-12-24,12:00,8,5,0,10,1200
2021-12-24,15:00,7,8,0,10,1500
2021-12-24,18:00,7,12,0.5,2,1800
2021-12-24,21:00,7,15,2.1,9,2100
2021-12-25,00:00,5,22,3.8,7,0
2021-12-25,03:00,5,22,0.5,2,300
2021-12-25,06:00,4,26,0.9,9,600
2021-12-25,09:00,3,27,0.1,10,900
2021-12-25,12:00,4,26,0,10,1200
2021-12-25,15:00,4,24,0,10,1500
2021-12-25,18:00,3,22,0,10,1800
2021-12-25,21:00,3,24,0,10,2100
2021-12-26,00:00,2,24,0,10,0
2021-12-26,03:00,2,25,0,10,300
2021-12-26,06:00,2,24,0,10,600
2021-12-26,09:00,3,23,0,10,900
2021-12-26,12:00,3,22,0,10,1200
2021-12-26,15:00,4,18,0.2,2,1500
2021-12-26,18:00,3,15,0.3,2,1800
2021-12-26,21:00,3,13,0.2,2,2100
2021-12-27,00:00,3,6,0,0,0
2021-12-27,03:00,4,6,0,2,300
2021-12-27,06:00,4,5,0,2,600
2021-12-27,09:00,5,6,0,10,900
2021-12-27,12:00,6,6,0,10,1200
2021-12-27,15:00,6,4,0,10,1500
2021-12-27,18:00,6,3,0,10,1800
2021-12-27,21:00,6,1,0,10,2100
2021-12-28,00:00,6,5,0.1,0,0
2021-12-28,03:00,7,6,0,0,300
2021-12-28,06:00,6,10,0,2,600
2021-12-28,09:00,8,22,0.3,9,900
2021-12-28,12:00,7,18,1.6,9,1200
2021-12-28,15:00,8,19,5,7,1500
2021-12-28,18:00,9,19,5.1,7,1800
2021-12-28,21:00,7,15,0,10,2100
2021-12-29,00:00,7,8,0,0,0
2021-12-29,03:00,7,8,0,2,300
2021-12-29,06:00,7,10,0,0,600
2021-12-29,09:00,8,14,1.1,9,900
2021-12-29,12:00,12,23,2.8,7,1200
2021-12-29,15:00,12,38,0.4,5,1500
2021-12-29,18:00,11,25,0.2,9,1800
2021-12-29,21:00,10,16,0,10,2100
2021-12-30,00:00,8,10,0,10,0
2021-12-30,03:00,10,14,0,10,300
2021-12-30,06:00,12,19,0.1,10,600
2021-12-30,09:00,12,20,0,10,900
2021-12-30,12:00,13,23,0,10,1200
2021-12-30,15:00,14,23,0.7,5,1500
2021-12-30,18:00,14,23,0.8,9,1800
2021-12-30,21:00,13,16,1.6,9,2100
2021-12-31,00:00,13,22,0,10,0
2021-12-31,03:00,12,22,0,10,300
2021-12-31,06:00,12,22,0,10,600
2021-12-31,09:00,13,23,1,9,900
2021-12-31,12:00,13,19,1,9,1200
2021-12-31,15:00,13,20,0.1,10,1500
2021-12-31,18:00,12,25,0,10,1800
2021-12-31,21:00,10,12,0,10,2100
2022-01-01,00:00,10,12,0,10,0
2022-01-01,03:00,12,17,0,10,300
2022-01-01,06:00,12,20,0,10,600
2022-01-01,09:00,12,20,0,10,900
2022-01-01,12:00,13,17,0,10,1200
2022-01-01,15:00,13,15,0.1,10,1500
2022-01-01,18:00,12,13,0.1,10,1800
2022-01-01,21:00,10,17,0,10,2100
2022-01-02,00:00,10,16,0,10,0
2022-01-02,03:00,10,16,0,10,300
2022-01-02,06:00,11,24,0,10,600
2022-01-02,09:00,9,28,1.8,10,900
2022-01-02,12:00,11,22,0.2,9,1200
2022-01-02,15:00,11,21,0.7,9,1500
2022-01-02,18:00,9,16,0,10,1800
2022-01-02,21:00,8,14,0,10,2100
2022-01-03,00:00,9,26,0,10,0
2022-01-03,03:00,8,27,0,10,300
2022-01-03,06:00,8,23,0,10,600
2022-01-03,09:00,8,20,0.1,10,900
2022-01-03,12:00,9,19,0,10,1200
2022-01-03,15:00,9,17,0.2,10,1500
2022-01-03,18:00,8,12,0,10,1800
2022-01-03,21:00,8,8,0.1,10,2100
2022-01-04,00:00,4,18,0,10,0
2022-01-04,03:00,3,17,0,10,300
2022-01-04,06:00,2,12,0,10,600
2022-01-04,09:00,2,11,0,10,900
2022-01-04,12:00,3,10,0,10,1200
2022-01-04,15:00,4,9,0,10,1500
2022-01-04,18:00,3,10,0,10,1800
2022-01-04,21:00,2,9,0,10,2100
2022-01-05,00:00,3,25,0,10,0
2022-01-05,03:00,3,22,0,10,300
2022-01-05,06:00,3,17,0,10,600
2022-01-05,09:00,2,8,0,10,900
2022-01-05,12:00,4,10,0,10,1200
2022-01-05,15:00,5,8,0,10,1500
2022-01-05,18:00,5,3,0,10,1800
2022-01-05,21:00,1,1,0,10,2100
2022-01-06,00:00,1,6,0,10,0
2022-01-06,03:00,0,6,0,10,300
2022-01-06,06:00,0,10,0,10,600
2022-01-06,09:00,2,18,0,10,900
2022-01-06,12:00,3,23,0,10,1200
2022-01-06,15:00,5,27,0.6,2,1500
2022-01-06,18:00,7,21,0,10,1800
2022-01-06,21:00,5,24,0.1,10,2100
2022-01-07,00:00,3,22,0,10,0
2022-01-07,03:00,3,20,0.6,7,300
2022-01-07,06:00,3,19,0,10,600
2022-01-07,09:00,2,15,1.3,7,900
2022-01-07,12:00,4,22,1.1,10,1200
2022-01-07,15:00,5,19,0.7,9,1500
2022-01-07,18:00,3,9,0,10,1800
2022-01-07,21:00,3,12,0.2,10,2100
2022-01-08,00:00,2,9,0,10,0
2022-01-08,03:00,2,11,0.6,9,300
2022-01-08,06:00,3,15,0,10,600
2022-01-08,09:00,5,18,1.5,9,900
2022-01-08,12:00,7,18,0,10,1200
2022-01-08,15:00,5,25,0.9,10,1500
2022-01-08,18:00,5,26,0.9,9,1800
2022-01-08,21:00,4,26,1.1,10,2100
2022-01-09,00:00,4,23,0.1,10,0
2022-01-09,03:00,4,22,0.2,10,300
2022-01-09,06:00,4,18,0,10,600
2022-01-09,09:00,4,14,0.2,10,900
2022-01-09,12:00,6,15,0,10,1200
2022-01-09,15:00,6,11,0.1,10,1500
2022-01-09,18:00,5,5,0,2,1800
2022-01-09,21:00,5,6,0,10,2100
2022-01-10,00:00,4,3,0,2,0
2022-01-10,03:00,4,3,0,2,300
2022-01-10,06:00,4,5,0,0,600
2022-01-10,09:00,5,5,0,0,900
2022-01-10,12:00,6,5,0,10,1200
2022-01-10,15:00,6,7,0,10,1500
2022-01-10,18:00,6,10,0,10,1800
2022-01-10,21:00,7,12,0,10,2100
2022-01-11,00:00,7,15,0,10,0
2022-01-11,03:00,7,14,1,9,300
2022-01-11,06:00,7,12,0.5,2,600
2022-01-11,09:00,6,6,0,10,900
2022-01-11,12:00,8,5,0,10,1200
2022-01-11,15:00,9,6,0,10,1500
2022-01-11,18:00,6,3,0,10,1800
2022-01-11,21:00,4,3,0,10,2100
2022-01-12,00:00,3,1,0,10,0
2022-01-12,03:00,3,4,0,2,300
2022-01-12,06:00,3,4,0,0,600
2022-01-12,09:00,3,5,0,2,900
2022-01-12,12:00,5,5,0,10,1200
2022-01-12,15:00,7,6,0,10,1500
2022-01-12,18:00,4,4,0,2,1800
2022-01-12,21:00,3,4,0,0,2100
2022-01-13,00:00,3,4,0,0,0
2022-01-13,03:00,3,3,0,2,300
2022-01-13,06:00,2,3,0,2,600
2022-01-13,09:00,2,4,0,10,900
2022-01-13,12:00,6,4,0,10,1200
2022-01-13,15:00,7,4,0,10,1500
2022-01-13,18:00,5,3,0,10,1800
2022-01-13,21:00,3,2,0,2,2100
2022-01-14,00:00,3,3,0,2,0
2022-01-14,03:00,3,1,0,0,300
2022-01-14,06:00,2,1,0,0,600
2022-01-14,09:00,3,1,0,0,900
2022-01-14,12:00,6,1,0,10,1200
2022-01-14,15:00,9,1,0,10,1500
2022-01-14,18:00,6,4,0,10,1800
2022-01-14,21:00,4,4,0,10,2100
2022-01-15,00:00,3,5,0,10,0
2022-01-15,03:00,3,5,0,10,300
2022-01-15,06:00,3,6,0,10,600
2022-01-15,09:00,3,6,0,10,900
2022-01-15,12:00,5,6,0,10,1200
2022-01-15,15:00,5,3,0,10,1500
2022-01-15,18:00,4,4,0,2,1800
2022-01-15,21:00,3,5,0,2,2100
2022-01-15,00:00,3,5,0,10,0
2022-01-15,03:00,3,5,0,10,300
2022-01-15,06:00,3,6,0,10,600
2022-01-15,09:00,3,6,0,10,900
2022-01-15,12:00,5,6,0,10,1200
2022-01-15,15:00,5,3,0,10,1500
2022-01-15,18:00,4,4,0,2,1800
2022-01-15,21:00,3,5,0,2,2100
2022-01-16,00:00,4,5,0,10,0
2022-01-16,03:00,4,6,0,10,300
2022-01-16,06:00,5,5,0,10,600
2022-01-16,09:00,5,8,0.1,10,900
2022-01-16,12:00,8,9,0.1,10,1200
2022-01-16,15:00,9,11,0,10,1500
2022-01-16,18:00,7,6,0,0,1800
2022-01-16,21:00,7,9,0,0,2100
2022-01-17,00:00,4,9,0,10,0
2022-01-17,03:00,3,4,0,2,300
2022-01-17,06:00,2,3,0,0,600
2022-01-17,09:00,2,2,0,0,900
2022-01-17,12:00,6,2,0,10,1200
2022-01-17,15:00,7,2,0,10,1500
2022-01-17,18:00,7,4,0,10,1800
2022-01-17,21:00,3,5,0,10,2100
2022-01-18,00:00,3,6,0,10,0
2022-01-18,03:00,3,6,0,10,300
2022-01-18,06:00,2,6,0,10,600
2022-01-18,09:00,2,6,0,10,900
2022-01-18,12:00,6,7,0,10,1200
2022-01-18,15:00,7,8,0,10,1500
2022-01-18,18:00,5,8,0,10,1800
2022-01-18,21:00,3,7,0,10,2100
2022-01-19,00:00,2,8,0,10,0
2022-01-19,03:00,2,11,0,2,300
2022-01-19,06:00,4,11,0,10,600
2022-01-19,09:00,5,13,0.5,2,900
2022-01-19,12:00,8,17,0,10,1200
2022-01-19,15:00,7,24,0.6,5,1500
2022-01-19,18:00,6,14,0.2,9,1800
2022-01-19,21:00,3,11,0,10,2100
2022-01-20,00:00,3,8,0,10,0
2022-01-20,03:00,2,8,0,10,300
2022-01-20,06:00,1,7,0,10,600
2022-01-20,09:00,1,8,0,10,900
2022-01-20,12:00,3,12,0,10,1200
2022-01-20,15:00,4,10,0,10,1500
2022-01-20,18:00,2,5,0,10,1800
2022-01-20,21:00,1,4,0,10,2100
2022-01-21,00:00,1,3,0,10,0
2022-01-21,03:00,0,3,0,10,300
2022-01-21,06:00,0,3,0,10,600
2022-01-21,09:00,1,0,0,10,900
2022-01-21,12:00,5,3,0,10,1200
2022-01-21,15:00,6,7,0,10,1500
2022-01-21,18:00,4,5,0,2,1800
2022-01-21,21:00,3,4,0,2,2100
2022-01-22,00:00,3,8,0,2,0
2022-01-22,03:00,3,11,0,2,300
2022-01-22,06:00,3,11,0,2,600
2022-01-22,09:00,5,14,0,10,900
2022-01-22,12:00,7,12,0,10,1200
2022-01-22,15:00,7,10,0,10,1500
2022-01-22,18:00,5,1,0,10,1800
2022-01-22,21:00,4,4,0,2,2100
2022-01-23,00:00,3,3,0,2,0
2022-01-23,03:00,2,3,0,2,300
2022-01-23,06:00,2,3,0,2,600
2022-01-23,09:00,2,5,0,10,900
2022-01-23,12:00,6,4,0,10,1200
2022-01-23,15:00,7,3,0,10,1500
2022-01-23,18:00,4,4,0,10,1800
2022-01-23,21:00,3,5,0,10,2100
2022-01-24,00:00,2,1,0,2,0
2022-01-24,03:00,2,5,0,10,300
2022-01-24,06:00,3,3,0,10,600
2022-01-24,09:00,3,6,0,10,900
2022-01-24,12:00,7,4,0,10,1200
2022-01-24,15:00,8,1,0,10,1500
2022-01-24,18:00,6,3,0,10,1800
2022-01-24,21:00,4,2,0,10,2100
2022-01-25,00:00,3,1,0,2,0
2022-01-25,03:00,2,1,0,2,300
2022-01-25,06:00,2,3,0,2,600
2022-01-25,09:00,2,2,0,2,900
2022-01-25,12:00,5,2,0,10,1200
2022-01-25,15:00,6,2,0,10,1500
2022-01-25,18:00,5,4,0,10,1800
2022-01-25,21:00,5,4,0,10,2100
2022-01-26,00:00,2,4,0,2,0
2022-01-26,03:00,2,4,0,0,300
2022-01-26,06:00,2,3,0,0,600
2022-01-26,09:00,3,3,0,0,900
2022-01-26,12:00,6,8,0,10,1200
2022-01-26,15:00,7,10,0,10,1500
2022-01-26,18:00,4,7,0,10,1800
2022-01-26,21:00,4,8,0,10,2100
2022-01-27,00:00,6,15,0.1,10,0
2022-01-27,03:00,8,24,1.4,9,300
2022-01-27,06:00,9,22,1.7,9,600
2022-01-27,09:00,8,17,0.3,2,900
2022-01-27,12:00,9,19,0,10,1200
2022-01-27,15:00,10,19,0,10,1500
2022-01-27,18:00,7,19,0,10,1800
2022-01-27,21:00,6,16,0,10,2100
2022-01-28,00:00,5,13,0,10,0
2022-01-28,03:00,4,6,0,10,300
2022-01-28,06:00,3,3,0,2,600
2022-01-28,09:00,4,5,0,0,900
2022-01-28,12:00,6,8,0,10,1200
2022-01-28,15:00,7,9,0,10,1500
2022-01-28,18:00,8,13,0,10,1800
2022-01-28,21:00,10,18,0.1,10,2100
2022-01-29,00:00,10,23,0,10,0
2022-01-29,03:00,10,24,0,10,300
2022-01-29,06:00,11,23,0,10,600
2022-01-29,09:00,11,26,0,10,900
2022-01-29,12:00,12,35,0,10,1200
2022-01-29,15:00,12,34,0,10,1500
2022-01-29,18:00,8,26,0,10,1800
2022-01-29,21:00,6,21,0,10,2100
2022-01-30,00:00,4,7,0,10,0
2022-01-30,03:00,3,4,0,10,300
2022-01-30,06:00,2,3,0,10,600
2022-01-30,09:00,2,5,0,10,900
2022-01-30,12:00,5,8,0,10,1200
2022-01-30,15:00,6,13,0,10,1500
2022-01-30,18:00,6,15,0,10,1800
2022-01-30,21:00,5,19,1.2,9,2100
2022-01-31,00:00,6,39,2.9,7,0
2022-01-31,03:00,6,40,0.1,10,300
2022-01-31,06:00,5,32,0.2,10,600
2022-01-31,09:00,5,27,0.2,10,900
2022-01-31,12:00,6,23,0.2,10,1200
2022-01-31,15:00,7,24,0.1,10,1500
2022-01-31,18:00,6,18,0,10,1800
2022-01-31,21:00,6,15,0.1,10,2100
2022-02-01,00:00,7,21,0.7,2,0
2022-02-01,03:00,8,22,0.1,10,300
2022-02-01,06:00,10,25,0.2,2,600
2022-02-01,09:00,10,23,0.3,10,900
2022-02-01,12:00,11,30,0.3,10,1200
2022-02-01,15:00,11,29,0.1,10,1500
2022-02-01,18:00,10,27,0,10,1800
2022-02-01,21:00,9,22,0.1,10,2100
2022-02-02,00:00,10,28,0.1,10,0
2022-02-02,03:00,10,27,0,10,300
2022-02-02,06:00,10,23,0,10,600
2022-02-02,09:00,10,19,0.1,10,900
2022-02-02,12:00,10,15,0.2,10,1200
2022-02-02,15:00,10,13,0,10,1500
2022-02-02,18:00,9,9,0,10,1800
2022-02-02,21:00,9,5,0,10,2100
2022-02-03,00:00,9,12,0,10,0
2022-02-03,03:00,8,10,0.1,10,300
2022-02-03,06:00,6,10,0,2,600
2022-02-03,09:00,7,14,0,10,900
2022-02-03,12:00,11,21,0,10,1200
2022-02-03,15:00,11,26,0.1,10,1500
2022-02-03,18:00,8,23,2.1,9,1800
2022-02-03,21:00,5,23,0.1,10,2100
2022-02-04,00:00,6,19,3.4,7,0
2022-02-04,03:00,5,14,1,9,300
2022-02-04,06:00,4,20,0,10,600
2022-02-04,09:00,4,23,0.1,10,900
2022-02-04,12:00,6,26,0.7,9,1200
2022-02-04,15:00,7,25,0.7,9,1500
2022-02-04,18:00,6,23,1.4,10,1800
2022-02-04,21:00,5,18,0.7,10,2100
2022-02-05,00:00,4,20,0.2,9,0
2022-02-05,03:00,4,19,0.1,10,300
2022-02-05,06:00,4,18,0.1,10,600
2022-02-05,09:00,5,21,0.1,10,900
2022-02-05,12:00,8,27,0.1,10,1200
2022-02-05,15:00,8,29,0.9,9,1500
2022-02-05,18:00,9,30,0.7,2,1800
2022-02-05,21:00,9,33,0.4,2,2100
2022-02-06,00:00,7,26,6.3,7,0
2022-02-06,03:00,7,28,5.4,7,300
2022-02-06,06:00,6,27,7.1,7,600
2022-02-06,09:00,6,30,0.8,10,900
2022-02-06,12:00,7,33,0.9,10,1200
2022-02-06,15:00,6,36,0.9,10,1500
2022-02-06,18:00,5,34,0.2,10,1800
2022-02-06,21:00,4,26,0.1,10,2100
2022-02-07,00:00,4,19,0,10,0
2022-02-07,03:00,4,12,0,10,300
2022-02-07,06:00,3,9,0,10,600
2022-02-07,09:00,4,9,0,10,900
2022-02-07,12:00,7,15,0,10,1200
2022-02-07,15:00,8,15,0,10,1500
2022-02-07,18:00,9,12,0,10,1800
2022-02-07,21:00,9,13,0.5,2,2100
2022-02-08,00:00,9,19,0.1,10,0
2022-02-08,03:00,9,16,0,10,300
2022-02-08,06:00,9,20,0,10,600
2022-02-08,09:00,10,19,0,10,900
2022-02-08,12:00,12,23,0,10,1200
2022-02-08,15:00,12,24,0,10,1500
2022-02-08,18:00,11,22,0,10,1800
2022-02-08,21:00,10,23,0.1,10,2100
2022-02-09,00:00,8,17,4.2,7,0
2022-02-09,03:00,7,16,0.4,2,300
2022-02-09,06:00,7,18,0.5,2,600
2022-02-09,09:00,6,18,0,10,900
2022-02-09,12:00,8,20,0,10,1200
2022-02-09,15:00,8,18,0,10,1500
2022-02-09,18:00,6,12,0,10,1800
2022-02-09,21:00,6,13,0,10,2100
2022-02-10,00:00,5,12,0,10,0
2022-02-10,03:00,5,12,0.1,10,300
2022-02-10,06:00,4,13,0,10,600
2022-02-10,09:00,4,17,0.2,9,900
2022-02-10,12:00,6,22,0,10,1200
2022-02-10,15:00,6,20,0.2,9,1500
2022-02-10,18:00,4,15,0.7,10,1800
2022-02-10,21:00,3,15,0.5,10,2100
2022-02-11,00:00,3,10,0,10,0
2022-02-11,03:00,2,6,0,10,300
2022-02-11,06:00,2,4,0,10,600
2022-02-11,09:00,3,5,0,10,900
2022-02-11,12:00,7,12,0,10,1200
2022-02-11,15:00,8,13,0,10,1500
2022-02-11,18:00,5,11,0,10,1800
2022-02-11,21:00,4,17,0,10,2100
2022-02-12,00:00,4,22,0,10,0
2022-02-12,03:00,5,25,0.1,10,300
2022-02-12,06:00,5,25,0.2,2,600
2022-02-12,09:00,6,27,0.3,2,900
2022-02-12,12:00,7,28,0.7,2,1200
2022-02-12,15:00,7,31,0.1,10,1500
2022-02-12,18:00,8,26,0.6,2,1800
2022-02-12,21:00,7,22,4.2,7,2100
2022-02-13,00:00,7,18,0,10,0
2022-02-13,03:00,8,21,0.8,9,300
2022-02-13,06:00,8,23,1.4,9,600
2022-02-13,09:00,8,24,2.9,7,900
2022-02-13,12:00,8,20,0,10,1200
2022-02-13,15:00,7,8,4.9,7,1500
2022-02-13,18:00,7,13,10.7,5,1800
2022-02-13,21:00,6,19,4.2,7,2100
2022-02-14,00:00,4,23,0.7,2,0
2022-02-14,03:00,6,13,1.3,9,300
2022-02-14,06:00,5,15,0.7,2,600
2022-02-14,09:00,6,16,0,10,900
2022-02-14,12:00,8,18,0,10,1200
2022-02-14,15:00,8,15,0.2,10,1500
2022-02-14,18:00,6,6,0.1,10,1800
2022-02-14,21:00,4,10,0,10,2100
2022-02-15,00:00,4,12,0,10,0
2022-02-15,03:00,3,13,0,10,300
2022-02-15,06:00,5,23,0,10,600
2022-02-15,09:00,7,18,4.8,7,900
2022-02-15,12:00,8,15,10,5,1200
2022-02-15,15:00,8,17,0.9,9,1500
2022-02-15,18:00,6,10,0,10,1800
2022-02-15,21:00,6,9,0,10,2100
2022-02-16,00:00,5,12,0,10,0
2022-02-16,03:00,7,13,0.9,9,300
2022-02-16,06:00,11,26,1,9,600
2022-02-16,09:00,12,27,0.2,10,900
2022-02-16,12:00,12,21,0.9,9,1200
2022-02-16,15:00,12,29,1.6,9,1500
2022-02-16,18:00,12,43,2.7,7,1800
2022-02-16,21:00,7,41,0.4,9,2100
2022-02-17,00:00,6,42,1.9,10,0
2022-02-17,03:00,4,45,0.7,10,300
2022-02-17,06:00,4,42,1,10,600
2022-02-17,09:00,5,39,0.1,10,900
2022-02-17,12:00,8,37,0,10,1200
2022-02-17,15:00,8,32,0.2,10,1500
2022-02-17,18:00,7,22,0.2,9,1800
2022-02-17,21:00,5,19,0,10,2100
2022-02-18,00:00,5,14,0.1,10,0
2022-02-18,03:00,4,8,0.1,10,300
2022-02-18,06:00,2,22,3.4,6,600
2022-02-18,09:00,9,26,3,7,900
2022-02-18,12:00,6,39,4.4,7,1200
2022-02-18,15:00,6,29,1.6,9,1500
2022-02-18,18:00,4,35,3.3,0,1800
2022-02-18,21:00,3,19,0,10,2100
2022-02-18,00:00,5,14,0.1,10,0
2022-02-18,03:00,4,8,0.1,10,300
2022-02-18,06:00,2,22,3.4,6,600
2022-02-18,09:00,9,26,3,7,900
2022-02-18,12:00,6,39,4.4,7,1200
2022-02-18,15:00,6,29,1.6,9,1500
2022-02-18,18:00,4,35,3.3,0,1800
2022-02-18,21:00,3,19,0,10,2100
2022-02-19,00:00,2,35,0,10,0
2022-02-19,03:00,3,31,0.7,7,300
2022-02-19,06:00,3,22,0,10,600
2022-02-19,09:00,3,14,0,10,900
2022-02-19,12:00,2,8,0,2,1200
2022-02-19,15:00,2,19,7.2,2,1500
2022-02-19,18:00,1,9,6.7,5,1800
2022-02-19,21:00,1,5,0,2,2100
2022-02-20,00:00,3,13,0.2,2,0
2022-02-20,03:00,7,23,5.4,7,300
2022-02-20,06:00,9,28,11.4,5,600
2022-02-20,09:00,10,27,3.1,7,900
2022-02-20,12:00,11,30,5.5,7,1200
2022-02-20,15:00,11,33,2.7,7,1500
2022-02-20,18:00,6,38,5.9,7,1800
2022-02-20,21:00,3,36,1.4,9,2100
2022-02-21,00:00,3,37,1.7,0,0
2022-02-21,03:00,3,40,0.1,0,300
2022-02-21,06:00,4,46,0,10,600
2022-02-21,09:00,5,43,1.2,9,900
2022-02-21,12:00,7,33,1.3,9,1200
2022-02-21,15:00,8,29,0.4,10,1500
2022-02-21,18:00,8,22,0.6,10,1800
2022-02-21,21:00,7,17,0.2,10,2100
2022-02-22,00:00,6,12,0,10,0
2022-02-22,03:00,6,13,0,10,300
2022-02-22,06:00,8,14,0,10,600
2022-02-22,09:00,9,20,0,10,900
2022-02-22,12:00,12,23,0,10,1200
2022-02-22,15:00,12,24,0.1,10,1500
2022-02-22,18:00,9,26,1,9,1800
2022-02-22,21:00,6,24,0.3,5,2100
2022-02-23,00:00,5,18,0.5,9,0
2022-02-23,03:00,4,18,0,10,300
2022-02-23,06:00,4,19,0,10,600
2022-02-23,09:00,5,18,0,10,900
2022-02-23,12:00,8,24,0,10,1200
2022-02-23,15:00,9,29,0.1,10,1500
2022-02-23,18:00,7,27,0,10,1800
2022-02-23,21:00,7,28,0,10,2100
2022-02-24,00:00,5,16,2.3,9,0
2022-02-24,03:00,3,10,3.5,2,300
2022-02-24,06:00,2,17,3.3,2,600
2022-02-24,09:00,3,26,1.4,7,900
2022-02-24,12:00,4,28,0.5,5,1200
2022-02-24,15:00,5,29,0.4,9,1500
2022-02-24,18:00,4,30,0,10,1800
2022-02-24,21:00,4,31,1.4,7,2100
2022-02-25,00:00,4,30,2.1,7,0
2022-02-25,03:00,4,31,1.8,10,300
2022-02-25,06:00,4,25,1.9,10,600
2022-02-25,09:00,5,10,0,10,900
2022-02-25,12:00,8,6,0,10,1200
2022-02-25,15:00,8,11,0,10,1500
2022-02-25,18:00,6,6,0,10,1800
2022-02-25,21:00,4,6,0,10,2100
2022-02-26,00:00,3,10,0,10,0
2022-02-26,03:00,3,12,0,10,300
2022-02-26,06:00,4,13,0,10,600
2022-02-26,09:00,5,15,0,10,900
2022-02-26,12:00,9,21,0,10,1200
2022-02-26,15:00,10,23,0,10,1500
2022-02-26,18:00,10,22,0,10,1800
2022-02-26,21:00,6,22,0,10,2100
2022-02-27,00:00,5,19,0,10,0
2022-02-27,03:00,4,16,0,10,300
2022-02-27,06:00,3,15,0,10,600
2022-02-27,09:00,5,14,0,10,900
2022-02-27,12:00,8,19,0,10,1200
2022-02-27,15:00,10,18,0,10,1500
2022-02-27,18:00,9,16,0,10,1800
2022-02-27,21:00,8,16,0,10,2100
2022-02-28,00:00,6,18,0,10,0
2022-02-28,03:00,6,17,0.3,2,300
2022-02-28,06:00,7,19,0.4,2,600
2022-02-28,09:00,8,19,0.6,2,900
2022-02-28,12:00,8,19,0,10,1200
2022-02-28,15:00,9,11,1.4,9,1500
2022-02-28,18:00,7,12,0,10,1800
2022-02-28,21:00,6,13,1.1,9,2100
2022-03-01,00:00,5,5,0,10,0
2022-03-01,03:00,5,8,0,10,300
2022-03-01,06:00,5,8,0,10,600
2022-03-01,09:00,5,10,0,10,900
2022-03-01,12:00,8,16,0,10,1200
2022-03-01,15:00,8,16,0,10,1500
2022-03-01,18:00,8,15,0,10,1800
2022-03-01,21:00,4,15,0,10,2100
2022-03-02,00:00,5,24,0,10,0
2022-03-02,03:00,6,22,1.2,9,300
2022-03-02,06:00,6,17,1.8,9,600
2022-03-02,09:00,6,12,0.3,2,900
2022-03-02,12:00,7,10,0.4,2,1200
2022-03-02,15:00,7,10,0,10,1500
2022-03-02,18:00,7,9,0,10,1800
2022-03-02,21:00,7,8,0.1,10,2100
2022-03-03,00:00,6,10,0.3,2,0
2022-03-03,03:00,6,9,0,10,300
2022-03-03,06:00,6,9,0,10,600
2022-03-03,09:00,6,10,0,10,900
2022-03-03,12:00,8,9,0,10,1200
2022-03-03,15:00,11,14,0,10,1500
2022-03-03,18:00,8,12,0,10,1800
2022-03-03,21:00,7,12,0,10,2100
2022-03-04,00:00,6,2,3.7,7,0
2022-03-04,03:00,6,4,1,9,300
2022-03-04,06:00,5,8,3.1,7,600
2022-03-04,09:00,5,10,3.7,7,900
2022-03-04,12:00,4,8,5.3,7,1200
2022-03-04,15:00,5,5,0.9,9,1500
2022-03-04,18:00,4,4,1.8,9,1800
2022-03-04,21:00,4,3,0.5,2,2100
2022-03-05,00:00,4,5,0,2,0
2022-03-05,03:00,4,1,0,10,300
2022-03-05,06:00,4,4,0,10,600
2022-03-05,09:00,5,4,0,10,900
2022-03-05,12:00,6,6,0,10,1200
2022-03-05,15:00,5,9,0.8,9,1500
2022-03-05,18:00,7,19,0.3,10,1800
2022-03-05,21:00,4,18,0,10,2100
2022-03-06,00:00,3,11,0,10,0
2022-03-06,03:00,2,9,0,10,300
2022-03-06,06:00,2,8,0,10,600
2022-03-06,09:00,5,13,0,10,900
2022-03-06,12:00,9,16,0,10,1200
2022-03-06,15:00,12,14,0,10,1500
2022-03-06,18:00,8,9,0,10,1800
2022-03-06,21:00,4,6,0,10,2100
2022-03-07,00:00,2,6,0,10,0
2022-03-07,03:00,2,5,0,10,300
2022-03-07,06:00,1,6,0,10,600
2022-03-07,09:00,4,11,0,10,900
2022-03-07,12:00,8,17,0,10,1200
2022-03-07,15:00,12,18,0,10,1500
2022-03-07,18:00,7,15,0,10,1800
2022-03-07,21:00,4,20,0,10,2100
2022-03-08,00:00,3,20,0,10,0
2022-03-08,03:00,3,18,0,10,300
2022-03-08,06:00,2,18,0,10,600
2022-03-08,09:00,5,20,0,10,900
2022-03-08,12:00,9,24,0,10,1200
2022-03-08,15:00,11,26,0,10,1500
2022-03-08,18:00,9,23,0,10,1800
2022-03-08,21:00,7,17,0,10,2100
2022-03-09,00:00,5,18,2.4,9,0
2022-03-09,03:00,5,16,0,10,300
2022-03-09,06:00,6,20,0,10,600
2022-03-09,09:00,7,23,0,10,900
2022-03-09,12:00,10,28,0,10,1200
2022-03-09,15:00,11,32,0,10,1500
2022-03-09,18:00,10,33,0,10,1800
2022-03-09,21:00,7,23,2.8,7,2100
2022-03-10,00:00,10,24,0,10,0
2022-03-10,03:00,10,24,0.1,10,300
2022-03-10,06:00,9,21,0,10,600
2022-03-10,09:00,10,20,0.1,10,900
2022-03-10,12:00,12,22,0,10,1200
2022-03-10,15:00,13,22,0.1,10,1500
2022-03-10,18:00,12,22,0.3,10,1800
2022-03-10,21:00,10,23,0.1,10,2100
2022-03-11,00:00,9,21,0,10,0
2022-03-11,03:00,8,22,0.1,10,300
2022-03-11,06:00,8,26,0,10,600
2022-03-11,09:00,9,26,0.5,2,900
2022-03-11,12:00,10,26,0,10,1200
2022-03-11,15:00,8,10,1,9,1500
2022-03-11,18:00,9,17,0,10,1800
2022-03-11,21:00,8,13,0.7,9,2100
2022-03-12,00:00,7,18,0,10,0
2022-03-12,03:00,6,17,0,10,300
2022-03-12,06:00,6,15,0,10,600
2022-03-12,09:00,6,12,0.1,10,900
2022-03-12,12:00,10,14,0,10,1200
2022-03-12,15:00,11,19,0.8,10,1500
2022-03-12,18:00,8,11,0,10,1800
2022-03-12,21:00,8,20,0,10,2100
2022-03-13,00:00,8,26,0,10,0
2022-03-13,03:00,8,27,0.2,10,300
2022-03-13,06:00,8,26,0,10,600
2022-03-13,09:00,8,28,0.1,10,900
2022-03-13,12:00,8,31,0,10,1200
2022-03-13,15:00,9,27,0.3,10,1500
2022-03-13,18:00,9,21,0,10,1800
2022-03-13,21:00,6,17,0,10,2100
2022-03-14,00:00,5,7,0,10,0
2022-03-14,03:00,4,8,0,10,300
2022-03-14,06:00,3,9,0,10,600
2022-03-14,09:00,6,16,0,10,900
2022-03-14,12:00,8,24,0.2,2,1200
2022-03-14,15:00,8,13,0.9,9,1500
2022-03-14,18:00,7,10,1,9,1800
2022-03-14,21:00,5,5,0,10,2100
2022-03-15,00:00,5,6,0.8,9,0
2022-03-15,03:00,3,6,0,2,300
2022-03-15,06:00,3,3,0,10,600
2022-03-15,09:00,6,5,0,10,900
2022-03-15,12:00,10,10,0,10,1200
2022-03-15,15:00,11,12,0.1,10,1500
2022-03-15,18:00,10,8,0.2,9,1800
2022-03-15,21:00,8,5,0,10,2100
2022-03-16,00:00,8,8,0,10,0
2022-03-16,03:00,8,7,0,10,300
2022-03-16,06:00,8,7,0,10,600
2022-03-16,09:00,8,5,1.2,9,900
2022-03-16,12:00,8,2,1.1,9,1200
2022-03-16,15:00,8,10,3.3,7,1500
2022-03-16,18:00,7,13,3.8,7,1800
2022-03-16,21:00,6,15,0.1,10,2100
2022-03-17,00:00,4,9,0,10,0
2022-03-17,03:00,3,5,0,2,300
2022-03-17,06:00,2,6,0,2,600
2022-03-17,09:00,5,9,0,10,900
2022-03-17,12:00,11,17,0,10,1200
2022-03-17,15:00,11,15,0,10,1500
2022-03-17,18:00,9,10,0.1,10,1800
2022-03-17,21:00,8,8,0.1,10,2100
2022-03-18,00:00,6,1,0.1,10,0
2022-03-18,03:00,5,3,0,10,300
2022-03-18,06:00,4,4,0,10,600
2022-03-18,09:00,8,5,0,10,900
2022-03-18,12:00,12,11,0,10,1200
2022-03-18,15:00,15,13,0,10,1500
2022-03-18,18:00,11,12,0,10,1800
2022-03-18,21:00,9,11,0,10,2100
2022-03-19,00:00,7,6,0,10,0
2022-03-19,03:00,5,8,0,10,300
2022-03-19,06:00,4,8,0,10,600
2022-03-19,09:00,9,13,0,10,900
2022-03-19,12:00,16,19,0,10,1200
2022-03-19,15:00,17,18,0,10,1500
2022-03-19,18:00,14,17,0,10,1800
2022-03-19,21:00,8,17,0,10,2100
2022-03-20,00:00,5,17,0,10,0
2022-03-20,03:00,4,15,0,10,300
2022-03-20,06:00,4,17,0,10,600
2022-03-20,09:00,7,19,0,10,900
2022-03-20,12:00,10,17,0,10,1200
2022-03-20,15:00,10,13,0.1,10,1500
2022-03-20,18:00,7,11,0.1,10,1800
2022-03-20,21:00,5,4,0,10,2100
2022-03-21,00:00,4,8,0,10,0
2022-03-21,03:00,3,4,0,10,300
2022-03-21,06:00,2,2,0,10,600
2022-03-21,09:00,5,4,0,10,900
2022-03-21,12:00,10,7,0,10,1200
2022-03-21,15:00,12,8,0,10,1500
2022-03-21,18:00,9,9,0,10,1800
2022-03-21,21:00,9,6,0,10,2100
2022-03-22,00:00,9,6,0,10,0
2022-03-22,03:00,8,6,0,10,300
2022-03-22,06:00,9,6,0,10,600
2022-03-22,09:00,12,9,0,10,900
2022-03-22,12:00,16,14,0.1,10,1200
2022-03-22,15:00,15,14,0.1,10,1500
2022-03-22,18:00,13,11,0.2,9,1800
2022-03-22,21:00,11,11,0,10,2100
2022-03-23,00:00,9,7,0,10,0
2022-03-23,03:00,8,7,0,10,300
2022-03-23,06:00,7,5,0,10,600
2022-03-23,09:00,11,4,0,10,900
2022-03-23,12:00,16,12,0,10,1200
2022-03-23,15:00,17,13,0,10,1500
2022-03-23,18:00,14,6,0,10,1800
2022-03-23,21:00,12,4,0,10,2100
2022-03-24,00:00,9,3,0,10,0
2022-03-24,03:00,8,3,0,10,300
2022-03-24,06:00,7,3,0,10,600
2022-03-24,09:00,12,4,0,10,900
2022-03-24,12:00,16,8,0,10,1200
2022-03-24,15:00,16,9,0,10,1500
2022-03-24,18:00,14,6,0,10,1800
2022-03-24,21:00,11,1,0,10,2100
2022-03-24,00:00,9,3,0,10,0
2022-03-24,03:00,8,3,0,10,300
2022-03-24,06:00,7,3,0,10,600
2022-03-24,09:00,12,4,0,10,900
2022-03-24,12:00,16,8,0,10,1200
2022-03-24,15:00,16,9,0,10,1500
2022-03-24,18:00,14,6,0,10,1800
2022-03-24,21:00,11,1,0,10,2100
2022-03-25,00:00,10,2,0,10,0
2022-03-25,03:00,9,1,0,10,300
2022-03-25,06:00,9,3,0,10,600
2022-03-25,09:00,12,3,0,10,900
2022-03-25,12:00,16,6,0,10,1200
2022-03-25,15:00,16,9,0,10,1500
2022-03-25,18:00,13,9,0,10,1800
2022-03-25,21:00,10,5,0,10,2100
2022-03-26,00:00,11,4,0.1,10,0
2022-03-26,03:00,9,3,0,10,300
2022-03-26,06:00,8,2,0,10,600
2022-03-26,09:00,13,1,0,10,900
2022-03-26,12:00,19,4,0,10,1200
2022-03-26,15:00,18,8,0,10,1500
2022-03-26,18:00,15,9,0,10,1800
2022-03-26,21:00,12,6,0,10,2100
2022-03-27,00:00,10,6,0,10,0
2022-03-27,03:00,8,5,0,10,300
2022-03-27,06:00,7,5,0,10,600
2022-03-27,09:00,12,5,0,10,900
2022-03-27,12:00,16,6,0,10,1200
2022-03-27,15:00,16,7,0.2,10,1500
2022-03-27,18:00,14,7,0.3,10,1800
2022-03-27,21:00,11,4,0,10,2100
2022-03-28,00:00,11,3,0,10,0
2022-03-28,03:00,11,5,0,10,300
2022-03-28,06:00,10,4,0,10,600
2022-03-28,09:00,11,5,0.2,10,900
2022-03-28,12:00,16,9,0.7,10,1200
2022-03-28,15:00,17,13,0.1,10,1500
2022-03-28,18:00,14,9,0,10,1800
2022-03-28,21:00,10,5,0,10,2100
2022-03-29,00:00,9,6,0,10,0
2022-03-29,03:00,10,9,0,10,300
2022-03-29,06:00,9,10,0,10,600
2022-03-29,09:00,9,11,0.2,10,900
2022-03-29,12:00,11,11,0,10,1200
2022-03-29,15:00,12,15,0.1,10,1500
2022-03-29,18:00,10,12,0,10,1800
2022-03-29,21:00,8,6,0,10,2100
2022-03-30,00:00,7,4,0,10,0
2022-03-30,03:00,7,8,0,10,300
2022-03-30,06:00,5,9,0.1,10,600
2022-03-30,09:00,5,6,0.3,2,900
2022-03-30,12:00,4,10,4,7,1200
2022-03-30,15:00,3,15,1.4,2,1500
2022-03-30,18:00,3,23,0,10,1800
2022-03-30,21:00,2,17,0.1,10,2100
2022-03-31,00:00,0,9,0,10,0
2022-03-31,03:00,-1,10,0,10,300
2022-03-31,06:00,0,17,0,10,600
2022-03-31,09:00,4,26,0.1,7,900
2022-03-31,12:00,3,21,3.9,5,1200
2022-03-31,15:00,6,17,0.4,9,1500
2022-03-31,18:00,5,14,0,10,1800
2022-03-31,21:00,2,13,0,10,2100
2022-04-01,00:00,1,13,0,10,0
2022-04-01,03:00,0,11,0,10,300
2022-04-01,06:00,0,11,0,10,600
2022-04-01,09:00,5,18,0,10,900
2022-04-01,12:00,8,19,0.1,10,1200
2022-04-01,15:00,9,19,0,10,1500
2022-04-01,18:00,7,16,0,10,1800
2022-04-01,21:00,3,10,0,10,2100
2022-04-02,00:00,1,7,0,10,0
2022-04-02,03:00,1,6,0,10,300
2022-04-02,06:00,1,6,0,10,600
2022-04-02,09:00,5,9,0,10,900
2022-04-02,12:00,8,11,0,10,1200
2022-04-02,15:00,8,11,0.7,10,1500
2022-04-02,18:00,6,9,1.3,10,1800
2022-04-02,21:00,3,5,0.1,10,2100
2022-04-03,00:00,2,4,0,10,0
2022-04-03,03:00,1,1,0,10,300
2022-04-03,06:00,1,3,0,10,600
2022-04-03,09:00,5,8,0,10,900
2022-04-03,12:00,9,17,0.1,10,1200
2022-04-03,15:00,9,21,0,10,1500
2022-04-03,18:00,7,18,0,10,1800
2022-04-03,21:00,6,19,0.1,10,2100
2022-04-04,00:00,5,17,1.1,9,0
2022-04-04,03:00,7,21,1,9,300
2022-04-04,06:00,9,20,0,10,600
2022-04-04,09:00,10,22,0,10,900
2022-04-04,12:00,10,24,0,10,1200
2022-04-04,15:00,11,25,0,10,1500
2022-04-04,18:00,10,22,0,10,1800
2022-04-04,21:00,10,25,0,10,2100
2022-04-05,00:00,10,27,0.2,2,0
2022-04-05,03:00,10,27,0.1,10,300
2022-04-05,06:00,10,26,0.4,10,600
2022-04-05,09:00,10,21,0.4,10,900
2022-04-05,12:00,9,23,0.8,10,1200
2022-04-05,15:00,10,24,0.1,10,1500
2022-04-05,18:00,11,24,0.1,10,1800
2022-04-05,21:00,10,26,0.4,2,2100
2022-04-06,00:00,8,26,1.9,9,0
2022-04-06,03:00,7,26,0.4,10,300
2022-04-06,06:00,6,27,0,10,600
2022-04-06,09:00,7,26,0.5,10,900
2022-04-06,12:00,9,27,0.8,10,1200
2022-04-06,15:00,10,28,1,10,1500
2022-04-06,18:00,8,27,1.4,10,1800
2022-04-06,21:00,6,30,1.3,10,2100
2022-04-07,00:00,6,36,0,10,0
2022-04-07,03:00,5,34,0.7,10,300
2022-04-07,06:00,3,21,0.1,7,600
2022-04-07,09:00,6,21,0.1,10,900
2022-04-07,12:00,8,24,0,10,1200
2022-04-07,15:00,9,23,0,10,1500
2022-04-07,18:00,7,18,0,10,1800
2022-04-07,21:00,4,14,0,10,2100
2022-04-08,00:00,4,20,0.2,10,0
2022-04-08,03:00,3,17,0,10,300
2022-04-08,06:00,2,6,0,10,600
2022-04-08,09:00,6,15,0.1,10,900
2022-04-08,12:00,9,14,0,10,1200
2022-04-08,15:00,9,17,0.6,10,1500
2022-04-08,18:00,9,16,0.9,9,1800
2022-04-08,21:00,4,8,0,10,2100
2022-04-09,00:00,3,8,0,10,0
2022-04-09,03:00,2,5,0,10,300
2022-04-09,06:00,1,8,0,10,600
2022-04-09,09:00,6,20,0,10,900
2022-04-09,12:00,9,22,0,10,1200
2022-04-09,15:00,8,20,0,10,1500
2022-04-09,18:00,8,15,0.1,10,1800
2022-04-09,21:00,4,7,0,10,2100
2022-04-10,00:00,3,6,0,10,0
2022-04-10,03:00,2,2,0,10,300
2022-04-10,06:00,2,4,0,10,600
2022-04-10,09:00,6,6,0,10,900
2022-04-10,12:00,11,5,0,10,1200
2022-04-10,15:00,12,3,0,10,1500
2022-04-10,18:00,10,5,0,10,1800
2022-04-10,21:00,8,9,0,10,2100
2022-04-11,00:00,7,8,0,10,0
2022-04-11,03:00,5,10,0,10,300
2022-04-11,06:00,6,14,0,10,600
2022-04-11,09:00,9,19,0,10,900
2022-04-11,12:00,11,23,0,10,1200
2022-04-11,15:00,13,26,0,10,1500
2022-04-11,18:00,10,25,0,10,1800
2022-04-11,21:00,8,24,0.1,10,2100
2022-04-12,00:00,9,8,0,10,0
2022-04-12,03:00,8,10,0.1,10,300
2022-04-12,06:00,8,10,0,2,600
2022-04-12,09:00,9,8,6.3,7,900
2022-04-12,12:00,11,8,6.4,7,1200
2022-04-12,15:00,15,13,0.4,10,1500
2022-04-12,18:00,12,13,0,10,1800
2022-04-12,21:00,9,8,0,10,2100
2022-04-13,00:00,9,10,8.2,5,0
2022-04-13,03:00,9,10,0.1,0,300
2022-04-13,06:00,9,9,0.1,0,600
2022-04-13,09:00,10,6,0,2,900
2022-04-13,12:00,14,8,0.2,10,1200
2022-04-13,15:00,15,8,1.1,10,1500
2022-04-13,18:00,14,6,1.2,10,1800
2022-04-13,21:00,10,2,0,10,2100
2022-04-14,00:00,9,1,0,10,0
2022-04-14,03:00,8,0,0,10,300
2022-04-14,06:00,8,3,0,2,600
2022-04-14,09:00,13,4,0,10,900
2022-04-14,12:00,17,9,0,10,1200
2022-04-14,15:00,18,10,0,10,1500
2022-04-14,18:00,16,5,0,10,1800
2022-04-14,21:00,13,5,0,10,2100
2022-04-15,00:00,11,4,0,10,0
2022-04-15,03:00,10,4,0,10,300
2022-04-15,06:00,10,3,0,10,600
2022-04-15,09:00,14,1,0,10,900
2022-04-15,12:00,18,5,0,10,1200
2022-04-15,15:00,18,5,0.1,10,1500
2022-04-15,18:00,17,5,0.1,10,1800
2022-04-15,21:00,14,5,0,10,2100
2022-04-16,00:00,12,8,2.2,10,0
2022-04-16,03:00,12,6,0.3,10,300
2022-04-16,06:00,11,7,0.2,10,600
2022-04-16,09:00,13,11,0,10,900
2022-04-16,12:00,16,17,0,10,1200
2022-04-16,15:00,15,12,0,10,1500
2022-04-16,18:00,14,9,0.1,10,1800
2022-04-16,21:00,13,7,0,10,2100
2022-04-17,00:00,12,7,0,10,0
2022-04-17,03:00,11,9,0,10,300
2022-04-17,06:00,10,8,0,10,600
2022-04-17,09:00,14,14,0,10,900
2022-04-17,12:00,18,19,0,10,1200
2022-04-17,15:00,18,21,0,10,1500
2022-04-17,18:00,16,19,0,10,1800
2022-04-17,21:00,12,17,1.2,10,2100
2022-04-18,00:00,10,10,0,10,0
2022-04-18,03:00,9,11,0.4,2,300
2022-04-18,06:00,9,6,0.6,2,600
2022-04-18,09:00,10,9,0.3,10,900
2022-04-18,12:00,11,14,1.9,10,1200
2022-04-18,15:00,8,19,0.5,10,1500
2022-04-18,18:00,10,16,0.5,9,1800
2022-04-18,21:00,6,8,0,10,2100
2022-04-19,00:00,6,5,0,10,0
2022-04-19,03:00,5,5,0,10,300
2022-04-19,06:00,6,5,0,10,600
2022-04-19,09:00,10,6,0,10,900
2022-04-19,12:00,14,9,0,10,1200
2022-04-19,15:00,15,13,0,10,1500
2022-04-19,18:00,13,14,0,10,1800
2022-04-19,21:00,9,10,0,10,2100
2022-04-20,00:00,7,12,0,10,0
2022-04-20,03:00,7,13,0,10,300
2022-04-20,06:00,7,12,0,10,600
2022-04-20,09:00,12,15,0,10,900
2022-04-20,12:00,16,16,0,10,1200
2022-04-20,15:00,15,19,0,10,1500
2022-04-20,18:00,13,15,0,10,1800
2022-04-20,21:00,8,15,0,10,2100
2022-04-21,00:00,7,16,0,10,0
2022-04-21,03:00,6,13,0,10,300
2022-04-21,06:00,6,14,0,10,600
2022-04-21,09:00,11,19,0,10,900
2022-04-21,12:00,12,19,0,10,1200
2022-04-21,15:00,14,23,0,10,1500
2022-04-21,18:00,13,19,0,10,1800
2022-04-21,21:00,8,20,0,10,2100
2022-04-22,00:00,7,20,0,10,0
2022-04-22,03:00,8,21,0,10,300
2022-04-22,06:00,9,20,0,10,600
2022-04-22,09:00,11,23,0,10,900
2022-04-22,12:00,14,28,0,10,1200
2022-04-22,15:00,14,27,0,10,1500
2022-04-22,18:00,11,23,0,10,1800
2022-04-22,21:00,9,20,0,10,2100
2022-04-23,00:00,9,20,0,10,0
2022-04-23,03:00,8,22,0,10,300
2022-04-23,06:00,9,24,0,10,600
2022-04-23,09:00,10,26,0,10,900
2022-04-23,12:00,12,27,0.1,10,1200
2022-04-23,15:00,12,27,0.1,10,1500
2022-04-23,18:00,11,24,0.2,9,1800
2022-04-23,21:00,8,25,0,10,2100
2022-04-24,00:00,7,18,0,10,0
2022-04-24,03:00,7,18,0,10,300
2022-04-24,06:00,7,17,0,10,600
2022-04-24,09:00,11,23,0.1,10,900
2022-04-24,12:00,13,26,0.5,10,1200
2022-04-24,15:00,14,26,0.2,9,1500
2022-04-24,18:00,14,22,0,10,1800
2022-04-24,21:00,6,18,0,10,2100
2022-04-25,00:00,6,17,0,10,0
2022-04-25,03:00,6,15,0,10,300
2022-04-25,06:00,7,14,0,10,600
2022-04-25,09:00,9,14,0,10,900
2022-04-25,12:00,12,13,0,10,1200
2022-04-25,15:00,12,12,0.2,10,1500
2022-04-25,18:00,11,12,0.1,10,1800
2022-04-25,21:00,8,9,0,10,2100
2022-04-26,00:00,5,6,0,10,0
2022-04-26,03:00,4,4,0,10,300
2022-04-26,06:00,5,5,0,10,600
2022-04-26,09:00,10,10,0,10,900
2022-04-26,12:00,12,13,0,10,1200
2022-04-26,15:00,12,14,0,10,1500
2022-04-26,18:00,11,13,0,10,1800
2022-04-26,21:00,7,10,0,10,2100
2022-04-27,00:00,4,9,0,10,0
2022-04-27,03:00,3,8,0,10,300
2022-04-27,06:00,4,8,0,10,600
2022-04-27,09:00,8,15,0,10,900
2022-04-27,12:00,12,14,0,10,1200
2022-04-27,15:00,15,16,0,10,1500
2022-04-27,18:00,13,14,0,10,1800
2022-04-27,21:00,7,10,0,10,2100
